filename	scene_label
audio2019/street_pedestrian-lyon-1162-44093-a.wav	1
audio2019/metro-prague-1163-44094-a.wav	2
audio2019/park-milan-1164-44095-a.wav	3
audio2019/street_pedestrian-milan-1165-44096-a.wav	1
audio2019/street_traffic-milan-1166-44097-a.wav	4
audio2019/metro_station-lyon-1167-44098-a.wav	5
audio2019/public_square-milan-1168-44099-a.wav	6
audio2019/airport-lyon-1169-44100-a.wav	0
audio2019/metro_station-prague-1170-44101-a.wav	5
audio2019/street_traffic-lisbon-1171-44102-a.wav	4
audio2019/airport-milan-1172-44103-a.wav	0
audio2019/airport-prague-1173-44104-a.wav	0
audio2019/street_pedestrian-lisbon-1174-44105-a.wav	1
audio2019/airport-lisbon-1175-44106-a.wav	0
audio2019/metro_station-lyon-1167-44107-a.wav	5
audio2019/shopping_mall-lisbon-1176-44108-a.wav	7
audio2019/bus-lyon-1177-44109-a.wav	8
audio2019/public_square-lyon-1178-44110-a.wav	6
audio2019/metro_station-lyon-1179-44111-a.wav	5
audio2019/street_pedestrian-lyon-1162-44112-a.wav	1
audio2019/metro_station-lyon-1167-44113-a.wav	5
audio2019/street_pedestrian-milan-1165-44114-a.wav	1
audio2019/bus-milan-1180-44115-a.wav	8
audio2019/metro-lyon-1181-44116-a.wav	2
audio2019/tram-milan-1182-44117-a.wav	9
audio2019/shopping_mall-milan-1183-44118-a.wav	7
audio2019/tram-prague-1184-44119-a.wav	9
audio2019/park-prague-1185-44120-a.wav	3
audio2019/park-milan-1164-44121-a.wav	3
audio2019/bus-lyon-1186-44122-a.wav	8
audio2019/metro_station-milan-1187-44123-a.wav	5
audio2019/park-lyon-1188-44124-a.wav	3
audio2019/tram-prague-1189-44125-a.wav	9
audio2019/airport-milan-1172-44126-a.wav	0
audio2019/airport-lyon-1169-44127-a.wav	0
audio2019/street_pedestrian-lisbon-1174-44128-a.wav	1
audio2019/bus-lyon-1177-44129-a.wav	8
audio2019/street_pedestrian-lyon-1162-44130-a.wav	1
audio2019/park-milan-1164-44131-a.wav	3
audio2019/bus-milan-1190-44132-a.wav	8
audio2019/tram-lisbon-1191-44133-a.wav	9
audio2019/public_square-prague-1192-44134-a.wav	6
audio2019/street_traffic-prague-1193-44135-a.wav	4
audio2019/bus-prague-1194-44136-a.wav	8
audio2019/park-prague-1185-44137-a.wav	3
audio2019/park-lyon-1188-44138-a.wav	3
audio2019/public_square-prague-1192-44139-a.wav	6
audio2019/bus-lyon-1186-44140-a.wav	8
audio2019/tram-prague-1184-44141-a.wav	9
audio2019/airport-prague-1195-44142-a.wav	0
audio2019/shopping_mall-lyon-1196-44143-a.wav	7
audio2019/shopping_mall-lyon-1196-44144-a.wav	7
audio2019/metro-milan-1197-44145-a.wav	2
audio2019/metro-lyon-1181-44146-a.wav	2
audio2019/park-lisbon-1198-44147-a.wav	3
audio2019/metro-prague-1163-44148-a.wav	2
audio2019/airport-prague-1195-44149-a.wav	0
audio2019/metro-lisbon-1199-44150-a.wav	2
audio2019/street_pedestrian-milan-1165-44151-a.wav	1
audio2019/tram-lisbon-1200-44152-a.wav	9
audio2019/shopping_mall-milan-1183-44153-a.wav	7
audio2019/metro_station-lyon-1167-44154-a.wav	5
audio2019/shopping_mall-milan-1183-44155-a.wav	7
audio2019/street_pedestrian-milan-1165-44156-a.wav	1
audio2019/metro_station-lyon-1179-44157-a.wav	5
audio2019/metro-lyon-1201-44158-a.wav	2
audio2019/bus-lyon-1177-44159-a.wav	8
audio2019/street_traffic-milan-1202-44160-a.wav	4
audio2019/park-lyon-1188-44161-a.wav	3
audio2019/park-milan-1164-44162-a.wav	3
audio2019/street_traffic-prague-1193-44163-a.wav	4
audio2019/street_pedestrian-prague-1203-44164-a.wav	1
audio2019/metro-prague-1204-44165-a.wav	2
audio2019/shopping_mall-lisbon-1176-44166-a.wav	7
audio2019/metro_station-lyon-1179-44167-a.wav	5
audio2019/metro-lyon-1181-44168-a.wav	2
audio2019/airport-prague-1195-44169-a.wav	0
audio2019/park-lisbon-1198-44170-a.wav	3
audio2019/street_pedestrian-milan-1205-44171-a.wav	1
audio2019/metro-lyon-1206-44172-a.wav	2
audio2019/metro_station-lyon-1179-44173-a.wav	5
audio2019/street_pedestrian-lisbon-1174-44174-a.wav	1
audio2019/bus-prague-1207-44175-a.wav	8
audio2019/street_traffic-lisbon-1171-44176-a.wav	4
audio2019/metro_station-milan-1187-44177-a.wav	5
audio2019/bus-lyon-1177-44178-a.wav	8
audio2019/street_pedestrian-lisbon-1174-44179-a.wav	1
audio2019/public_square-lyon-1208-44180-a.wav	6
audio2019/metro_station-lyon-1179-44181-a.wav	5
audio2019/bus-milan-1180-44182-a.wav	8
audio2019/tram-milan-1209-44183-a.wav	9
audio2019/tram-prague-1210-44184-a.wav	9
audio2019/street_pedestrian-lyon-1162-44185-a.wav	1
audio2019/airport-lisbon-1175-44186-a.wav	0
audio2019/park-prague-1185-44187-a.wav	3
audio2019/park-milan-1164-44188-a.wav	3
audio2019/bus-milan-1180-44189-a.wav	8
audio2019/public_square-lisbon-1211-44190-a.wav	6
audio2019/tram-prague-1210-44191-a.wav	9
audio2019/street_traffic-lisbon-1171-44192-a.wav	4
audio2019/public_square-lyon-1178-44193-a.wav	6
audio2019/street_pedestrian-lyon-1162-44194-a.wav	1
audio2019/street_pedestrian-milan-1165-44195-a.wav	1
audio2019/metro-lyon-1201-44196-a.wav	2
audio2019/public_square-lyon-1178-44197-a.wav	6
audio2019/tram-lisbon-1191-44198-a.wav	9
audio2019/metro-prague-1204-44199-a.wav	2
audio2019/public_square-prague-1192-44200-a.wav	6
audio2019/street_traffic-milan-1202-44201-a.wav	4
audio2019/metro-prague-1163-44202-a.wav	2
audio2019/park-prague-1185-44203-a.wav	3
audio2019/tram-milan-1182-44204-a.wav	9
audio2019/airport-milan-1172-44205-a.wav	0
audio2019/bus-lisbon-1212-44206-a.wav	8
audio2019/street_traffic-milan-1166-44207-a.wav	4
audio2019/street_pedestrian-prague-1203-44208-a.wav	1
audio2019/bus-milan-1190-44209-a.wav	8
audio2019/airport-lisbon-1175-44210-a.wav	0
audio2019/public_square-lyon-1208-44211-a.wav	6
audio2019/metro-prague-1213-44212-a.wav	2
audio2019/shopping_mall-milan-1183-44213-a.wav	7
audio2019/public_square-prague-1214-44214-a.wav	6
audio2019/airport-milan-1172-44215-a.wav	0
audio2019/public_square-milan-1168-44216-a.wav	6
audio2019/metro-prague-1213-44217-a.wav	2
audio2019/airport-prague-1195-44218-a.wav	0
audio2019/metro_station-prague-1170-44219-a.wav	5
audio2019/bus-prague-1215-44220-a.wav	8
audio2019/park-prague-1185-44221-a.wav	3
audio2019/street_pedestrian-prague-1203-44222-a.wav	1
audio2019/shopping_mall-milan-1183-44223-a.wav	7
audio2019/metro_station-milan-1187-44224-a.wav	5
audio2019/street_traffic-milan-1166-44225-a.wav	4
audio2019/shopping_mall-milan-1183-44226-a.wav	7
audio2019/airport-lyon-1169-44227-a.wav	0
audio2019/park-lisbon-1198-44228-a.wav	3
audio2019/metro_station-lyon-1167-44229-a.wav	5
audio2019/metro_station-lyon-1179-44230-a.wav	5
audio2019/metro-milan-1197-44231-a.wav	2
audio2019/public_square-lyon-1178-44232-a.wav	6
audio2019/airport-lisbon-1175-44233-a.wav	0
audio2019/park-prague-1185-44234-a.wav	3
audio2019/street_traffic-prague-1193-44235-a.wav	4
audio2019/tram-prague-1210-44236-a.wav	9
audio2019/tram-lisbon-1191-44237-a.wav	9
audio2019/park-milan-1164-44238-a.wav	3
audio2019/metro_station-milan-1187-44239-a.wav	5
audio2019/metro-prague-1204-44240-a.wav	2
audio2019/tram-lisbon-1191-44241-a.wav	9
audio2019/shopping_mall-lisbon-1176-44242-a.wav	7
audio2019/street_pedestrian-lisbon-1174-44243-a.wav	1
audio2019/street_pedestrian-milan-1205-44244-a.wav	1
audio2019/park-lisbon-1198-44245-a.wav	3
audio2019/street_traffic-lisbon-1171-44246-a.wav	4
audio2019/public_square-lisbon-1211-44247-a.wav	6
audio2019/public_square-milan-1168-44248-a.wav	6
audio2019/shopping_mall-lisbon-1176-44249-a.wav	7
audio2019/park-prague-1185-44250-a.wav	3
audio2019/park-milan-1164-44251-a.wav	3
audio2019/tram-lisbon-1191-44252-a.wav	9
audio2019/public_square-lyon-1208-44253-a.wav	6
audio2019/tram-lyon-1216-44254-a.wav	9
audio2019/street_pedestrian-milan-1165-44255-a.wav	1
audio2019/tram-lisbon-1200-44256-a.wav	9
audio2019/metro_station-lyon-1179-44257-a.wav	5
audio2019/street_traffic-lisbon-1171-44258-a.wav	4
audio2019/shopping_mall-lisbon-1176-44259-a.wav	7
audio2019/street_pedestrian-lisbon-1174-44260-a.wav	1
audio2019/street_traffic-prague-1193-44261-a.wav	4
audio2019/metro_station-prague-1170-44262-a.wav	5
audio2019/metro_station-prague-1170-44263-a.wav	5
audio2019/bus-lyon-1177-44264-a.wav	8
audio2019/metro-lyon-1206-44265-a.wav	2
audio2019/metro-lisbon-1217-44266-a.wav	2
audio2019/public_square-prague-1214-44267-a.wav	6
audio2019/bus-lyon-1177-44268-a.wav	8
audio2019/metro-lyon-1181-44269-a.wav	2
audio2019/park-milan-1164-44270-a.wav	3
audio2019/bus-lisbon-1212-44271-a.wav	8
audio2019/tram-milan-1182-44272-a.wav	9
audio2019/bus-milan-1190-44273-a.wav	8
audio2019/metro_station-milan-1187-44274-a.wav	5
audio2019/street_traffic-milan-1166-44275-a.wav	4
audio2019/metro-milan-1218-44276-a.wav	2
audio2019/park-lyon-1188-44277-a.wav	3
audio2019/street_traffic-lisbon-1171-44278-a.wav	4
audio2019/airport-lyon-1169-44279-a.wav	0
audio2019/tram-lisbon-1200-44280-a.wav	9
audio2019/public_square-lyon-1208-44281-a.wav	6
audio2019/metro-lisbon-1199-44282-a.wav	2
audio2019/airport-lyon-1169-44283-a.wav	0
audio2019/tram-milan-1182-44284-a.wav	9
audio2019/shopping_mall-prague-1219-44285-a.wav	7
audio2019/bus-milan-1190-44286-a.wav	8
audio2019/park-prague-1185-44287-a.wav	3
audio2019/bus-prague-1194-44288-a.wav	8
audio2019/metro-lisbon-1199-44289-a.wav	2
audio2019/park-lisbon-1198-44290-a.wav	3
audio2019/metro-lisbon-1217-44291-a.wav	2
audio2019/metro-prague-1163-44292-a.wav	2
audio2019/metro_station-lyon-1179-44293-a.wav	5
audio2019/street_traffic-lyon-1220-44294-a.wav	4
audio2019/park-prague-1185-44295-a.wav	3
audio2019/airport-lisbon-1175-44296-a.wav	0
audio2019/bus-milan-1190-44297-a.wav	8
audio2019/shopping_mall-prague-1219-44298-a.wav	7
audio2019/metro-milan-1197-44299-a.wav	2
audio2019/park-lyon-1188-44300-a.wav	3
audio2019/metro_station-lyon-1179-44301-a.wav	5
audio2019/public_square-prague-1192-44302-a.wav	6
audio2019/public_square-lyon-1208-44303-a.wav	6
audio2019/park-milan-1164-44304-a.wav	3
audio2019/street_traffic-lyon-1220-44305-a.wav	4
audio2019/metro-lisbon-1199-44306-a.wav	2
audio2019/shopping_mall-lyon-1196-44307-a.wav	7
audio2019/street_traffic-lisbon-1171-44308-a.wav	4
audio2019/airport-prague-1173-44309-a.wav	0
audio2019/street_pedestrian-lisbon-1174-44310-a.wav	1
audio2019/public_square-lisbon-1211-44311-a.wav	6
audio2019/park-milan-1164-44312-a.wav	3
audio2019/metro_station-lisbon-1221-44313-a.wav	5
audio2019/airport-lyon-1169-44314-a.wav	0
audio2019/shopping_mall-lyon-1196-44315-a.wav	7
audio2019/metro_station-prague-1170-44316-a.wav	5
audio2019/park-lyon-1188-44317-a.wav	3
audio2019/metro_station-prague-1170-44318-a.wav	5
audio2019/tram-prague-1210-44319-a.wav	9
audio2019/metro-prague-1213-44320-a.wav	2
audio2019/airport-lyon-1169-44321-a.wav	0
audio2019/bus-prague-1207-44322-a.wav	8
audio2019/park-lyon-1188-44323-a.wav	3
audio2019/metro-lisbon-1217-44324-a.wav	2
audio2019/metro-milan-1218-44325-a.wav	2
audio2019/park-lisbon-1198-44326-a.wav	3
audio2019/public_square-prague-1214-44327-a.wav	6
audio2019/metro_station-milan-1187-44328-a.wav	5
audio2019/park-lyon-1188-44329-a.wav	3
audio2019/airport-lyon-1169-44330-a.wav	0
audio2019/metro-lyon-1181-44331-a.wav	2
audio2019/street_traffic-lyon-1220-44332-a.wav	4
audio2019/airport-prague-1195-44333-a.wav	0
audio2019/tram-milan-1222-44334-a.wav	9
audio2019/bus-prague-1215-44335-a.wav	8
audio2019/bus-lyon-1186-44336-a.wav	8
audio2019/tram-milan-1209-44337-a.wav	9
audio2019/shopping_mall-lisbon-1176-44338-a.wav	7
audio2019/metro_station-lyon-1179-44339-a.wav	5
audio2019/metro-prague-1163-44340-a.wav	2
audio2019/street_traffic-milan-1166-44341-a.wav	4
audio2019/shopping_mall-lisbon-1176-44342-a.wav	7
audio2019/metro-lyon-1206-44343-a.wav	2
audio2019/metro_station-prague-1170-44344-a.wav	5
audio2019/tram-prague-1210-44345-a.wav	9
audio2019/street_pedestrian-milan-1205-44346-a.wav	1
audio2019/tram-lisbon-1200-44347-a.wav	9
audio2019/airport-lyon-1169-44348-a.wav	0
audio2019/shopping_mall-prague-1219-44349-a.wav	7
audio2019/street_traffic-lyon-1220-44350-a.wav	4
audio2019/airport-lyon-1169-44351-a.wav	0
audio2019/tram-prague-1210-44352-a.wav	9
audio2019/metro-milan-1218-44353-a.wav	2
audio2019/airport-prague-1173-44354-a.wav	0
audio2019/tram-prague-1184-44355-a.wav	9
audio2019/street_traffic-prague-1193-44356-a.wav	4
audio2019/shopping_mall-lisbon-1176-44357-a.wav	7
audio2019/shopping_mall-lisbon-1176-44358-a.wav	7
audio2019/tram-milan-1222-44359-a.wav	9
audio2019/street_traffic-milan-1166-44360-a.wav	4
audio2019/metro_station-lyon-1179-44361-a.wav	5
audio2019/park-prague-1185-44362-a.wav	3
audio2019/airport-lyon-1169-44363-a.wav	0
audio2019/metro-lyon-1206-44364-a.wav	2
audio2019/street_pedestrian-lisbon-1174-44365-a.wav	1
audio2019/bus-lisbon-1212-44366-a.wav	8
audio2019/street_pedestrian-lisbon-1174-44367-a.wav	1
audio2019/public_square-lyon-1178-44368-a.wav	6
audio2019/metro-lyon-1181-44369-a.wav	2
audio2019/shopping_mall-lyon-1196-44370-a.wav	7
audio2019/shopping_mall-prague-1219-44371-a.wav	7
audio2019/tram-lisbon-1191-44372-a.wav	9
audio2019/park-prague-1185-44373-a.wav	3
audio2019/street_pedestrian-milan-1205-44374-a.wav	1
audio2019/metro_station-lyon-1179-44375-a.wav	5
audio2019/airport-milan-1172-44376-a.wav	0
audio2019/street_pedestrian-milan-1205-44377-a.wav	1
audio2019/street_pedestrian-lyon-1162-44378-a.wav	1
audio2019/shopping_mall-lisbon-1176-44379-a.wav	7
audio2019/tram-lyon-1216-44380-a.wav	9
audio2019/street_traffic-lyon-1220-44381-a.wav	4
audio2019/public_square-lyon-1208-44382-a.wav	6
audio2019/bus-prague-1194-44383-a.wav	8
audio2019/street_traffic-milan-1202-44384-a.wav	4
audio2019/park-lyon-1188-44385-a.wav	3
audio2019/metro_station-lisbon-1221-44386-a.wav	5
audio2019/airport-lyon-1169-44387-a.wav	0
audio2019/park-lyon-1188-44388-a.wav	3
audio2019/public_square-lisbon-1211-44389-a.wav	6
audio2019/street_traffic-prague-1193-44390-a.wav	4
audio2019/street_traffic-milan-1202-44391-a.wav	4
audio2019/street_traffic-prague-1193-44392-a.wav	4
audio2019/bus-lisbon-1223-44393-a.wav	8
audio2019/metro-lisbon-1199-44394-a.wav	2
audio2019/metro-lyon-1206-44395-a.wav	2
audio2019/bus-milan-1180-44396-a.wav	8
audio2019/airport-prague-1173-44397-a.wav	0
audio2019/tram-lisbon-1191-44398-a.wav	9
audio2019/street_pedestrian-lyon-1162-44399-a.wav	1
audio2019/bus-prague-1215-44400-a.wav	8
audio2019/tram-milan-1182-44401-a.wav	9
audio2019/public_square-prague-1192-44402-a.wav	6
audio2019/tram-milan-1182-44403-a.wav	9
audio2019/shopping_mall-lisbon-1176-44404-a.wav	7
audio2019/shopping_mall-milan-1183-44405-a.wav	7
audio2019/bus-lisbon-1212-44406-a.wav	8
audio2019/bus-lisbon-1223-44407-a.wav	8
audio2019/tram-milan-1222-44408-a.wav	9
audio2019/airport-milan-1172-44409-a.wav	0
audio2019/street_traffic-prague-1193-44410-a.wav	4
audio2019/street_pedestrian-milan-1165-44411-a.wav	1
audio2019/shopping_mall-lyon-1196-44412-a.wav	7
audio2019/shopping_mall-milan-1183-44413-a.wav	7
audio2019/bus-lisbon-1212-44414-a.wav	8
audio2019/public_square-prague-1214-44415-a.wav	6
audio2019/metro_station-lisbon-1221-44416-a.wav	5
audio2019/street_traffic-lisbon-1171-44417-a.wav	4
audio2019/street_traffic-lyon-1220-44418-a.wav	4
audio2019/bus-milan-1180-44419-a.wav	8
audio2019/metro_station-lisbon-1221-44420-a.wav	5
audio2019/street_traffic-milan-1166-44421-a.wav	4
audio2019/shopping_mall-lyon-1196-44422-a.wav	7
audio2019/park-lisbon-1198-44423-a.wav	3
audio2019/metro-prague-1204-44424-a.wav	2
audio2019/airport-prague-1173-44425-a.wav	0
audio2019/airport-prague-1195-44426-a.wav	0
audio2019/bus-prague-1215-44427-a.wav	8
audio2019/street_traffic-milan-1202-44428-a.wav	4
audio2019/bus-lisbon-1223-44429-a.wav	8
audio2019/airport-lyon-1169-44430-a.wav	0
audio2019/street_traffic-lyon-1220-44431-a.wav	4
audio2019/street_traffic-lisbon-1171-44432-a.wav	4
audio2019/airport-lyon-1169-44433-a.wav	0
audio2019/airport-lyon-1169-44434-a.wav	0
audio2019/airport-prague-1195-44435-a.wav	0
audio2019/public_square-prague-1192-44436-a.wav	6
audio2019/metro-lyon-1201-44437-a.wav	2
audio2019/metro-milan-1218-44438-a.wav	2
audio2019/metro_station-lyon-1179-44439-a.wav	5
audio2019/shopping_mall-milan-1183-44440-a.wav	7
audio2019/public_square-lisbon-1211-44441-a.wav	6
audio2019/shopping_mall-lisbon-1176-44442-a.wav	7
audio2019/street_pedestrian-milan-1205-44443-a.wav	1
audio2019/street_traffic-milan-1166-44444-a.wav	4
audio2019/street_pedestrian-lisbon-1174-44445-a.wav	1
audio2019/airport-lyon-1169-44446-a.wav	0
audio2019/street_traffic-milan-1166-44447-a.wav	4
audio2019/bus-milan-1190-44448-a.wav	8
audio2019/park-milan-1164-44449-a.wav	3
audio2019/street_pedestrian-milan-1165-44450-a.wav	1
audio2019/metro_station-lyon-1179-44451-a.wav	5
audio2019/metro-milan-1197-44452-a.wav	2
audio2019/street_pedestrian-lyon-1162-44453-a.wav	1
audio2019/public_square-prague-1192-44454-a.wav	6
audio2019/metro-lisbon-1224-44455-a.wav	2
audio2019/street_traffic-lyon-1220-44456-a.wav	4
audio2019/park-prague-1185-44457-a.wav	3
audio2019/public_square-milan-1168-44458-a.wav	6
audio2019/metro_station-lyon-1179-44459-a.wav	5
audio2019/park-lyon-1188-44460-a.wav	3
audio2019/street_traffic-lyon-1220-44461-a.wav	4
audio2019/metro_station-lyon-1167-44462-a.wav	5
audio2019/bus-lisbon-1212-44463-a.wav	8
audio2019/park-lyon-1188-44464-a.wav	3
audio2019/bus-milan-1180-44465-a.wav	8
audio2019/tram-lyon-1225-44466-a.wav	9
audio2019/street_traffic-lyon-1220-44467-a.wav	4
audio2019/street_pedestrian-lyon-1162-44468-a.wav	1
audio2019/shopping_mall-milan-1183-44469-a.wav	7
audio2019/street_traffic-prague-1193-44470-a.wav	4
audio2019/bus-milan-1180-44471-a.wav	8
audio2019/street_traffic-prague-1193-44472-a.wav	4
audio2019/public_square-prague-1214-44473-a.wav	6
audio2019/public_square-lyon-1178-44474-a.wav	6
audio2019/public_square-prague-1214-44475-a.wav	6
audio2019/bus-prague-1215-44476-a.wav	8
audio2019/tram-lyon-1216-44477-a.wav	9
audio2019/metro-milan-1197-44478-a.wav	2
audio2019/street_traffic-lyon-1220-44479-a.wav	4
audio2019/shopping_mall-lisbon-1176-44480-a.wav	7
audio2019/street_pedestrian-lisbon-1174-44481-a.wav	1
audio2019/bus-lyon-1186-44482-a.wav	8
audio2019/bus-lisbon-1223-44483-a.wav	8
audio2019/bus-prague-1207-44484-a.wav	8
audio2019/public_square-milan-1168-44485-a.wav	6
audio2019/airport-lyon-1169-44486-a.wav	0
audio2019/public_square-lyon-1208-44487-a.wav	6
audio2019/shopping_mall-lyon-1196-44488-a.wav	7
audio2019/bus-milan-1190-44489-a.wav	8
audio2019/park-milan-1164-44490-a.wav	3
audio2019/bus-lisbon-1226-44491-a.wav	8
audio2019/street_pedestrian-lisbon-1174-44492-a.wav	1
audio2019/street_traffic-milan-1166-44493-a.wav	4
audio2019/metro-lyon-1181-44494-a.wav	2
audio2019/public_square-lyon-1178-44495-a.wav	6
audio2019/tram-milan-1222-44496-a.wav	9
audio2019/airport-lyon-1169-44497-a.wav	0
audio2019/bus-lisbon-1212-44498-a.wav	8
audio2019/metro_station-lisbon-1221-44499-a.wav	5
audio2019/metro_station-prague-1170-44500-a.wav	5
audio2019/street_pedestrian-prague-1203-44501-a.wav	1
audio2019/tram-milan-1222-44502-a.wav	9
audio2019/shopping_mall-prague-1219-44503-a.wav	7
audio2019/tram-prague-1210-44504-a.wav	9
audio2019/street_traffic-milan-1202-44505-a.wav	4
audio2019/bus-milan-1180-44506-a.wav	8
audio2019/metro-lyon-1201-44507-a.wav	2
audio2019/metro_station-lisbon-1221-44508-a.wav	5
audio2019/bus-lyon-1186-44509-a.wav	8
audio2019/tram-lyon-1216-44510-a.wav	9
audio2019/bus-milan-1190-44511-a.wav	8
audio2019/metro_station-lyon-1179-44512-a.wav	5
audio2019/street_pedestrian-lisbon-1174-44513-a.wav	1
audio2019/metro-milan-1197-44514-a.wav	2
audio2019/public_square-lisbon-1211-44515-a.wav	6
audio2019/public_square-prague-1214-44516-a.wav	6
audio2019/metro_station-milan-1187-44517-a.wav	5
audio2019/street_traffic-milan-1202-44518-a.wav	4
audio2019/street_traffic-lyon-1220-44519-a.wav	4
audio2019/bus-prague-1207-44520-a.wav	8
audio2019/tram-lyon-1225-44521-a.wav	9
audio2019/park-prague-1185-44522-a.wav	3
audio2019/bus-lisbon-1226-44523-a.wav	8
audio2019/airport-milan-1172-44524-a.wav	0
audio2019/metro_station-lyon-1167-44525-a.wav	5
audio2019/street_pedestrian-milan-1165-44526-a.wav	1
audio2019/street_traffic-lyon-1220-44527-a.wav	4
audio2019/airport-lyon-1169-44528-a.wav	0
audio2019/shopping_mall-lisbon-1176-44529-a.wav	7
audio2019/metro-lyon-1201-44530-a.wav	2
audio2019/bus-lisbon-1212-44531-a.wav	8
audio2019/public_square-milan-1168-44532-a.wav	6
audio2019/airport-milan-1172-44533-a.wav	0
audio2019/public_square-milan-1168-44534-a.wav	6
audio2019/metro-milan-1218-44535-a.wav	2
audio2019/bus-lyon-1186-44536-a.wav	8
audio2019/metro-prague-1204-44537-a.wav	2
audio2019/bus-prague-1194-44538-a.wav	8
audio2019/public_square-prague-1214-44539-a.wav	6
audio2019/street_pedestrian-milan-1165-44540-a.wav	1
audio2019/park-milan-1164-44541-a.wav	3
audio2019/street_traffic-lyon-1220-44542-a.wav	4
audio2019/bus-milan-1190-44543-a.wav	8
audio2019/metro-milan-1218-44544-a.wav	2
audio2019/street_traffic-lyon-1220-44545-a.wav	4
audio2019/street_pedestrian-milan-1205-44546-a.wav	1
audio2019/tram-lisbon-1191-44547-a.wav	9
audio2019/street_traffic-lisbon-1171-44548-a.wav	4
audio2019/street_pedestrian-prague-1203-44549-a.wav	1
audio2019/tram-lyon-1225-44550-a.wav	9
audio2019/metro_station-lisbon-1221-44551-a.wav	5
audio2019/public_square-prague-1214-44552-a.wav	6
audio2019/metro_station-prague-1170-44553-a.wav	5
audio2019/metro_station-lyon-1167-44554-a.wav	5
audio2019/metro_station-prague-1170-44555-a.wav	5
audio2019/street_pedestrian-lisbon-1174-44556-a.wav	1
audio2019/tram-lisbon-1191-44557-a.wav	9
audio2019/tram-milan-1222-44558-a.wav	9
audio2019/street_pedestrian-milan-1205-44559-a.wav	1
audio2019/metro_station-lisbon-1221-44560-a.wav	5
audio2019/tram-prague-1189-44561-a.wav	9
audio2019/tram-lyon-1216-44562-a.wav	9
audio2019/shopping_mall-lyon-1196-44563-a.wav	7
audio2019/metro-lyon-1181-44564-a.wav	2
audio2019/bus-lyon-1177-44565-a.wav	8
audio2019/public_square-lisbon-1211-44566-a.wav	6
audio2019/airport-milan-1172-44567-a.wav	0
audio2019/metro-lisbon-1224-44568-a.wav	2
audio2019/park-lyon-1188-44569-a.wav	3
audio2019/airport-lyon-1169-44570-a.wav	0
audio2019/street_traffic-milan-1166-44571-a.wav	4
audio2019/bus-prague-1207-44572-a.wav	8
audio2019/public_square-milan-1168-44573-a.wav	6
audio2019/tram-lyon-1225-44574-a.wav	9
audio2019/street_traffic-lisbon-1171-44575-a.wav	4
audio2019/tram-prague-1210-44576-a.wav	9
audio2019/metro_station-lisbon-1221-44577-a.wav	5
audio2019/shopping_mall-lyon-1196-44578-a.wav	7
audio2019/street_pedestrian-lyon-1162-44579-a.wav	1
audio2019/street_traffic-milan-1166-44580-a.wav	4
audio2019/metro-lyon-1181-44581-a.wav	2
audio2019/bus-prague-1194-44582-a.wav	8
audio2019/bus-milan-1190-44583-a.wav	8
audio2019/street_traffic-milan-1202-44584-a.wav	4
audio2019/tram-lyon-1216-44585-a.wav	9
audio2019/airport-milan-1172-44586-a.wav	0
audio2019/shopping_mall-lyon-1196-44587-a.wav	7
audio2019/shopping_mall-prague-1219-44588-a.wav	7
audio2019/metro_station-lisbon-1221-44589-a.wav	5
audio2019/park-prague-1185-44590-a.wav	3
audio2019/street_pedestrian-milan-1165-44591-a.wav	1
audio2019/airport-prague-1173-44592-a.wav	0
audio2019/bus-lisbon-1223-44593-a.wav	8
audio2019/shopping_mall-prague-1219-44594-a.wav	7
audio2019/metro-lyon-1206-44595-a.wav	2
audio2019/tram-milan-1182-44596-a.wav	9
audio2019/metro_station-milan-1187-44597-a.wav	5
audio2019/bus-milan-1190-44598-a.wav	8
audio2019/street_pedestrian-lyon-1162-44599-a.wav	1
audio2019/tram-lyon-1216-44600-a.wav	9
audio2019/bus-lisbon-1226-44601-a.wav	8
audio2019/street_pedestrian-milan-1205-44602-a.wav	1
audio2019/metro-lisbon-1224-44603-a.wav	2
audio2019/tram-prague-1184-44604-a.wav	9
audio2019/park-lisbon-1198-44605-a.wav	3
audio2019/airport-lisbon-1175-44606-a.wav	0
audio2019/bus-lisbon-1226-44607-a.wav	8
audio2019/metro-lyon-1201-44608-a.wav	2
audio2019/street_pedestrian-lisbon-1174-44609-a.wav	1
audio2019/bus-milan-1180-44610-a.wav	8
audio2019/metro_station-lyon-1167-44611-a.wav	5
audio2019/street_pedestrian-prague-1203-44612-a.wav	1
audio2019/park-lyon-1188-44613-a.wav	3
audio2019/public_square-lyon-1178-44614-a.wav	6
audio2019/metro_station-lyon-1167-44615-a.wav	5
audio2019/shopping_mall-lisbon-1176-44616-a.wav	7
audio2019/park-milan-1164-44617-a.wav	3
audio2019/bus-prague-1194-44618-a.wav	8
audio2019/bus-lisbon-1223-44619-a.wav	8
audio2019/airport-prague-1173-44620-a.wav	0
audio2019/street_pedestrian-lyon-1162-44621-a.wav	1
audio2019/shopping_mall-milan-1183-44622-a.wav	7
audio2019/shopping_mall-lisbon-1176-44623-a.wav	7
audio2019/airport-milan-1172-44624-a.wav	0
audio2019/bus-milan-1180-44625-a.wav	8
audio2019/street_traffic-milan-1202-44626-a.wav	4
audio2019/street_pedestrian-lisbon-1174-44627-a.wav	1
audio2019/metro_station-lyon-1167-44628-a.wav	5
audio2019/bus-lyon-1186-44629-a.wav	8
audio2019/street_pedestrian-lyon-1162-44630-a.wav	1
audio2019/park-milan-1164-44631-a.wav	3
audio2019/park-lisbon-1198-44632-a.wav	3
audio2019/street_traffic-lyon-1220-44633-a.wav	4
audio2019/shopping_mall-milan-1183-44634-a.wav	7
audio2019/metro_station-milan-1187-44635-a.wav	5
audio2019/park-lisbon-1198-44636-a.wav	3
audio2019/street_traffic-lyon-1220-44637-a.wav	4
audio2019/street_traffic-milan-1202-44638-a.wav	4
audio2019/metro_station-lyon-1179-44639-a.wav	5
audio2019/bus-prague-1215-44640-a.wav	8
audio2019/public_square-milan-1168-44641-a.wav	6
audio2019/metro-lisbon-1217-44642-a.wav	2
audio2019/metro_station-prague-1170-44643-a.wav	5
audio2019/park-lisbon-1198-44644-a.wav	3
audio2019/public_square-prague-1192-44645-a.wav	6
audio2019/street_pedestrian-lisbon-1174-44646-a.wav	1
audio2019/street_traffic-lyon-1220-44647-a.wav	4
audio2019/shopping_mall-lyon-1196-44648-a.wav	7
audio2019/street_pedestrian-lyon-1162-44649-a.wav	1
audio2019/street_pedestrian-lyon-1162-44650-a.wav	1
audio2019/public_square-prague-1214-44651-a.wav	6
audio2019/street_pedestrian-prague-1203-44652-a.wav	1
audio2019/street_pedestrian-prague-1227-44653-a.wav	1
audio2019/metro_station-milan-1187-44654-a.wav	5
audio2019/street_pedestrian-prague-1203-44655-a.wav	1
audio2019/street_pedestrian-milan-1205-44656-a.wav	1
audio2019/public_square-prague-1192-44657-a.wav	6
audio2019/park-lisbon-1198-44658-a.wav	3
audio2019/park-prague-1185-44659-a.wav	3
audio2019/street_pedestrian-milan-1165-44660-a.wav	1
audio2019/airport-milan-1172-44661-a.wav	0
audio2019/bus-prague-1215-44662-a.wav	8
audio2019/street_traffic-lisbon-1171-44663-a.wav	4
audio2019/tram-lyon-1225-44664-a.wav	9
audio2019/street_pedestrian-lisbon-1174-44665-a.wav	1
audio2019/park-prague-1185-44666-a.wav	3
audio2019/park-lisbon-1198-44667-a.wav	3
audio2019/metro-lyon-1201-44668-a.wav	2
audio2019/airport-lisbon-1175-44669-a.wav	0
audio2019/park-lyon-1188-44670-a.wav	3
audio2019/street_traffic-lisbon-1171-44671-a.wav	4
audio2019/street_pedestrian-milan-1205-44672-a.wav	1
audio2019/shopping_mall-prague-1219-44673-a.wav	7
audio2019/metro_station-lisbon-1221-44674-a.wav	5
audio2019/park-lisbon-1198-44675-a.wav	3
audio2019/park-milan-1164-44676-a.wav	3
audio2019/metro_station-milan-1187-44677-a.wav	5
audio2019/shopping_mall-prague-1219-44678-a.wav	7
audio2019/metro-lisbon-1217-44679-a.wav	2
audio2019/metro-milan-1197-44680-a.wav	2
audio2019/tram-lyon-1225-44681-a.wav	9
audio2019/street_pedestrian-lyon-1162-44682-a.wav	1
audio2019/metro_station-lyon-1179-44683-a.wav	5
audio2019/bus-milan-1180-44684-a.wav	8
audio2019/shopping_mall-prague-1219-44685-a.wav	7
audio2019/park-lyon-1188-44686-a.wav	3
audio2019/airport-milan-1172-44687-a.wav	0
audio2019/metro-lisbon-1224-44688-a.wav	2
audio2019/bus-lyon-1186-44689-a.wav	8
audio2019/park-prague-1185-44690-a.wav	3
audio2019/airport-lisbon-1175-44691-a.wav	0
audio2019/metro-prague-1213-44692-a.wav	2
audio2019/shopping_mall-lisbon-1176-44693-a.wav	7
audio2019/public_square-lisbon-1211-44694-a.wav	6
audio2019/bus-lisbon-1223-44695-a.wav	8
audio2019/tram-lisbon-1191-44696-a.wav	9
audio2019/street_traffic-milan-1166-44697-a.wav	4
audio2019/street_pedestrian-milan-1205-44698-a.wav	1
audio2019/public_square-lisbon-1211-44699-a.wav	6
audio2019/airport-lisbon-1175-44700-a.wav	0
audio2019/bus-milan-1190-44701-a.wav	8
audio2019/airport-lisbon-1175-44702-a.wav	0
audio2019/airport-lisbon-1175-44703-a.wav	0
audio2019/street_traffic-lisbon-1171-44704-a.wav	4
audio2019/airport-prague-1173-44705-a.wav	0
audio2019/park-prague-1185-44706-a.wav	3
audio2019/street_pedestrian-lyon-1162-44707-a.wav	1
audio2019/airport-lisbon-1175-44708-a.wav	0
audio2019/street_pedestrian-milan-1205-44709-a.wav	1
audio2019/metro_station-lisbon-1221-44710-a.wav	5
audio2019/street_pedestrian-prague-1227-44711-a.wav	1
audio2019/tram-lyon-1216-44712-a.wav	9
audio2019/metro-lyon-1206-44713-a.wav	2
audio2019/park-milan-1164-44714-a.wav	3
audio2019/street_traffic-milan-1166-44715-a.wav	4
audio2019/bus-lyon-1186-44716-a.wav	8
audio2019/street_pedestrian-lyon-1162-44717-a.wav	1
audio2019/shopping_mall-milan-1183-44718-a.wav	7
audio2019/street_pedestrian-milan-1165-44719-a.wav	1
audio2019/tram-prague-1189-44720-a.wav	9
audio2019/shopping_mall-lyon-1196-44721-a.wav	7
audio2019/tram-lisbon-1191-44722-a.wav	9
audio2019/public_square-prague-1192-44723-a.wav	6
audio2019/shopping_mall-lyon-1196-44724-a.wav	7
audio2019/metro_station-prague-1170-44725-a.wav	5
audio2019/street_pedestrian-milan-1205-44726-a.wav	1
audio2019/public_square-milan-1168-44727-a.wav	6
audio2019/shopping_mall-prague-1219-44728-a.wav	7
audio2019/street_traffic-lisbon-1171-44729-a.wav	4
audio2019/street_traffic-lyon-1220-44730-a.wav	4
audio2019/metro_station-milan-1187-44731-a.wav	5
audio2019/public_square-milan-1168-44732-a.wav	6
audio2019/shopping_mall-milan-1183-44733-a.wav	7
audio2019/metro-prague-1163-44734-a.wav	2
audio2019/street_traffic-lyon-1220-44735-a.wav	4
audio2019/street_pedestrian-lyon-1162-44736-a.wav	1
audio2019/tram-lyon-1225-44737-a.wav	9
audio2019/airport-lyon-1169-44738-a.wav	0
audio2019/public_square-prague-1214-44739-a.wav	6
audio2019/park-lisbon-1198-44740-a.wav	3
audio2019/shopping_mall-milan-1183-44741-a.wav	7
audio2019/street_pedestrian-milan-1165-44742-a.wav	1
audio2019/public_square-lyon-1178-44743-a.wav	6
audio2019/public_square-milan-1168-44744-a.wav	6
audio2019/tram-milan-1182-44745-a.wav	9
audio2019/tram-lyon-1225-44746-a.wav	9
audio2019/metro_station-lyon-1179-44747-a.wav	5
audio2019/metro_station-lyon-1167-44748-a.wav	5
audio2019/park-prague-1185-44749-a.wav	3
audio2019/bus-lyon-1186-44750-a.wav	8
audio2019/metro-lisbon-1199-44751-a.wav	2
audio2019/public_square-lyon-1178-44752-a.wav	6
audio2019/bus-lyon-1177-44753-a.wav	8
audio2019/shopping_mall-prague-1219-44754-a.wav	7
audio2019/metro_station-milan-1187-44755-a.wav	5
audio2019/street_traffic-prague-1193-44756-a.wav	4
audio2019/street_pedestrian-lisbon-1174-44757-a.wav	1
audio2019/metro-milan-1218-44758-a.wav	2
audio2019/shopping_mall-milan-1183-44759-a.wav	7
audio2019/shopping_mall-milan-1183-44760-a.wav	7
audio2019/shopping_mall-prague-1219-44761-a.wav	7
audio2019/airport-milan-1172-44762-a.wav	0
audio2019/public_square-lyon-1208-44763-a.wav	6
audio2019/metro-milan-1218-44764-a.wav	2
audio2019/park-milan-1164-44765-a.wav	3
audio2019/street_traffic-prague-1193-44766-a.wav	4
audio2019/street_pedestrian-milan-1205-44767-a.wav	1
audio2019/airport-milan-1172-44768-a.wav	0
audio2019/tram-lisbon-1200-44769-a.wav	9
audio2019/public_square-prague-1214-44770-a.wav	6
audio2019/tram-lyon-1225-44771-a.wav	9
audio2019/street_traffic-milan-1166-44772-a.wav	4
audio2019/park-milan-1164-44773-a.wav	3
audio2019/metro_station-lisbon-1221-44774-a.wav	5
audio2019/metro-milan-1218-44775-a.wav	2
audio2019/metro-lisbon-1224-44776-a.wav	2
audio2019/metro-prague-1204-44777-a.wav	2
audio2019/metro_station-lyon-1179-44778-a.wav	5
audio2019/street_pedestrian-lisbon-1174-44779-a.wav	1
audio2019/street_traffic-milan-1202-44780-a.wav	4
audio2019/public_square-lyon-1208-44781-a.wav	6
audio2019/airport-lyon-1169-44782-a.wav	0
audio2019/park-prague-1185-44783-a.wav	3
audio2019/tram-lyon-1216-44784-a.wav	9
audio2019/public_square-lisbon-1211-44785-a.wav	6
audio2019/street_pedestrian-lyon-1162-44786-a.wav	1
audio2019/metro_station-lyon-1167-44787-a.wav	5
audio2019/public_square-prague-1214-44788-a.wav	6
audio2019/metro_station-lisbon-1221-44789-a.wav	5
audio2019/street_traffic-lisbon-1171-44790-a.wav	4
audio2019/airport-lisbon-1175-44791-a.wav	0
audio2019/metro_station-milan-1187-44792-a.wav	5
audio2019/street_pedestrian-prague-1227-44793-a.wav	1
audio2019/shopping_mall-milan-1183-44794-a.wav	7
audio2019/bus-milan-1190-44795-a.wav	8
audio2019/street_pedestrian-prague-1203-44796-a.wav	1
audio2019/public_square-milan-1168-44797-a.wav	6
audio2019/tram-lyon-1225-44798-a.wav	9
audio2019/bus-lisbon-1223-44799-a.wav	8
audio2019/airport-prague-1173-44800-a.wav	0
audio2019/street_traffic-prague-1193-44801-a.wav	4
audio2019/metro-milan-1197-44802-a.wav	2
audio2019/street_pedestrian-milan-1165-44803-a.wav	1
audio2019/street_pedestrian-prague-1203-44804-a.wav	1
audio2019/street_pedestrian-milan-1165-44805-a.wav	1
audio2019/metro-prague-1213-44806-a.wav	2
audio2019/park-milan-1164-44807-a.wav	3
audio2019/street_traffic-milan-1202-44808-a.wav	4
audio2019/street_traffic-milan-1166-44809-a.wav	4
audio2019/street_pedestrian-milan-1165-44810-a.wav	1
audio2019/shopping_mall-lisbon-1176-44811-a.wav	7
audio2019/airport-prague-1173-44812-a.wav	0
audio2019/airport-lisbon-1175-44813-a.wav	0
audio2019/metro-lyon-1206-44814-a.wav	2
audio2019/metro-lyon-1201-44815-a.wav	2
audio2019/public_square-lyon-1208-44816-a.wav	6
audio2019/tram-lisbon-1191-44817-a.wav	9
audio2019/bus-milan-1180-44818-a.wav	8
audio2019/airport-milan-1172-44819-a.wav	0
audio2019/public_square-lisbon-1211-44820-a.wav	6
audio2019/shopping_mall-lyon-1196-44821-a.wav	7
audio2019/metro_station-prague-1170-44822-a.wav	5
audio2019/park-lyon-1188-44823-a.wav	3
audio2019/airport-prague-1195-44824-a.wav	0
audio2019/metro_station-prague-1170-44825-a.wav	5
audio2019/street_traffic-milan-1166-44826-a.wav	4
audio2019/metro-lyon-1206-44827-a.wav	2
audio2019/public_square-milan-1168-44828-a.wav	6
audio2019/shopping_mall-lisbon-1176-44829-a.wav	7
audio2019/street_traffic-lyon-1220-44830-a.wav	4
audio2019/metro_station-lyon-1167-44831-a.wav	5
audio2019/public_square-lyon-1208-44832-a.wav	6
audio2019/public_square-lyon-1208-44833-a.wav	6
audio2019/street_pedestrian-lisbon-1174-44834-a.wav	1
audio2019/metro_station-lisbon-1221-44835-a.wav	5
audio2019/street_traffic-lisbon-1171-44836-a.wav	4
audio2019/metro_station-prague-1170-44837-a.wav	5
audio2019/street_pedestrian-prague-1227-44838-a.wav	1
audio2019/shopping_mall-prague-1219-44839-a.wav	7
audio2019/tram-lisbon-1191-44840-a.wav	9
audio2019/street_pedestrian-milan-1165-44841-a.wav	1
audio2019/shopping_mall-lyon-1196-44842-a.wav	7
audio2019/airport-prague-1173-44843-a.wav	0
audio2019/metro-milan-1197-44844-a.wav	2
audio2019/tram-lyon-1216-44845-a.wav	9
audio2019/tram-prague-1210-44846-a.wav	9
audio2019/park-milan-1164-44847-a.wav	3
audio2019/park-lyon-1188-44848-a.wav	3
audio2019/tram-lyon-1225-44849-a.wav	9
audio2019/tram-lisbon-1200-44850-a.wav	9
audio2019/tram-prague-1210-44851-a.wav	9
audio2019/metro_station-prague-1170-44852-a.wav	5
audio2019/street_traffic-lisbon-1171-44853-a.wav	4
audio2019/street_pedestrian-lisbon-1174-44854-a.wav	1
audio2019/bus-prague-1215-44855-a.wav	8
audio2019/public_square-lyon-1208-44856-a.wav	6
audio2019/metro-prague-1213-44857-a.wav	2
audio2019/metro-lyon-1201-44858-a.wav	2
audio2019/public_square-milan-1168-44859-a.wav	6
audio2019/metro_station-milan-1187-44860-a.wav	5
audio2019/park-milan-1164-44861-a.wav	3
audio2019/metro-lyon-1181-44862-a.wav	2
audio2019/metro-milan-1218-44863-a.wav	2
audio2019/airport-lisbon-1175-44864-a.wav	0
audio2019/metro-lisbon-1199-44865-a.wav	2
audio2019/tram-prague-1184-44866-a.wav	9
audio2019/metro_station-lyon-1167-44867-a.wav	5
audio2019/public_square-lisbon-1211-44868-a.wav	6
audio2019/street_traffic-lisbon-1171-44869-a.wav	4
audio2019/shopping_mall-lisbon-1176-44870-a.wav	7
audio2019/bus-lisbon-1226-44871-a.wav	8
audio2019/metro_station-lyon-1167-44872-a.wav	5
audio2019/metro-prague-1204-44873-a.wav	2
audio2019/bus-lyon-1177-44874-a.wav	8
audio2019/metro-milan-1197-44875-a.wav	2
audio2019/shopping_mall-lisbon-1176-44876-a.wav	7
audio2019/metro_station-lyon-1179-44877-a.wav	5
audio2019/public_square-milan-1168-44878-a.wav	6
audio2019/street_pedestrian-lyon-1162-44879-a.wav	1
audio2019/street_traffic-lyon-1220-44880-a.wav	4
audio2019/street_traffic-lisbon-1171-44881-a.wav	4
audio2019/park-lisbon-1198-44882-a.wav	3
audio2019/park-milan-1164-44883-a.wav	3
audio2019/tram-lisbon-1200-44884-a.wav	9
audio2019/park-lyon-1188-44885-a.wav	3
audio2019/shopping_mall-lyon-1196-44886-a.wav	7
audio2019/airport-milan-1172-44887-a.wav	0
audio2019/shopping_mall-lyon-1196-44888-a.wav	7
audio2019/public_square-lyon-1208-44889-a.wav	6
audio2019/shopping_mall-lisbon-1176-44890-a.wav	7
audio2019/metro-lyon-1181-44891-a.wav	2
audio2019/park-lisbon-1198-44892-a.wav	3
audio2019/public_square-lisbon-1211-44893-a.wav	6
audio2019/shopping_mall-milan-1183-44894-a.wav	7
audio2019/bus-lyon-1186-44895-a.wav	8
audio2019/street_traffic-lisbon-1171-44896-a.wav	4
audio2019/metro_station-prague-1170-44897-a.wav	5
audio2019/public_square-lisbon-1211-44898-a.wav	6
audio2019/park-prague-1185-44899-a.wav	3
audio2019/street_traffic-milan-1202-44900-a.wav	4
audio2019/bus-milan-1180-44901-a.wav	8
audio2019/public_square-lyon-1178-44902-a.wav	6
audio2019/metro-prague-1213-44903-a.wav	2
audio2019/park-lyon-1188-44904-a.wav	3
audio2019/park-prague-1185-44905-a.wav	3
audio2019/tram-milan-1182-44906-a.wav	9
audio2019/tram-lyon-1225-44907-a.wav	9
audio2019/park-lyon-1188-44908-a.wav	3
audio2019/metro_station-prague-1170-44909-a.wav	5
audio2019/metro-lyon-1206-44910-a.wav	2
audio2019/metro_station-prague-1170-44911-a.wav	5
audio2019/public_square-milan-1168-44912-a.wav	6
audio2019/public_square-milan-1168-44913-a.wav	6
audio2019/tram-milan-1222-44914-a.wav	9
audio2019/street_traffic-prague-1193-44915-a.wav	4
audio2019/airport-lisbon-1175-44916-a.wav	0
audio2019/street_traffic-prague-1193-44917-a.wav	4
audio2019/airport-lisbon-1175-44918-a.wav	0
audio2019/public_square-prague-1192-44919-a.wav	6
audio2019/street_pedestrian-milan-1205-44920-a.wav	1
audio2019/street_pedestrian-lyon-1162-44921-a.wav	1
audio2019/public_square-milan-1168-44922-a.wav	6
audio2019/public_square-lyon-1208-44923-a.wav	6
audio2019/park-lisbon-1198-44924-a.wav	3
audio2019/airport-milan-1172-44925-a.wav	0
audio2019/bus-milan-1190-44926-a.wav	8
audio2019/tram-milan-1182-44927-a.wav	9
audio2019/airport-prague-1195-44928-a.wav	0
audio2019/metro-milan-1197-44929-a.wav	2
audio2019/metro-lisbon-1199-44930-a.wav	2
audio2019/metro_station-milan-1187-44931-a.wav	5
audio2019/park-milan-1164-44932-a.wav	3
audio2019/bus-lyon-1186-44933-a.wav	8
audio2019/metro-lyon-1201-44934-a.wav	2
audio2019/shopping_mall-prague-1219-44935-a.wav	7
audio2019/bus-lyon-1186-44936-a.wav	8
audio2019/street_pedestrian-lyon-1162-44937-a.wav	1
audio2019/airport-prague-1173-44938-a.wav	0
audio2019/street_traffic-lyon-1220-44939-a.wav	4
audio2019/metro-lyon-1206-44940-a.wav	2
audio2019/metro_station-lyon-1167-44941-a.wav	5
audio2019/street_traffic-lisbon-1171-44942-a.wav	4
audio2019/street_pedestrian-milan-1205-44943-a.wav	1
audio2019/metro_station-milan-1187-44944-a.wav	5
audio2019/street_traffic-lyon-1220-44945-a.wav	4
audio2019/park-lisbon-1198-44946-a.wav	3
audio2019/airport-prague-1195-44947-a.wav	0
audio2019/tram-lyon-1225-44948-a.wav	9
audio2019/public_square-lisbon-1211-44949-a.wav	6
audio2019/shopping_mall-milan-1183-44950-a.wav	7
audio2019/park-lisbon-1198-44951-a.wav	3
audio2019/metro-lyon-1181-44952-a.wav	2
audio2019/metro-lyon-1206-44953-a.wav	2
audio2019/public_square-milan-1168-44954-a.wav	6
audio2019/metro-lisbon-1224-44955-a.wav	2
audio2019/metro_station-milan-1187-44956-a.wav	5
audio2019/shopping_mall-lyon-1196-44957-a.wav	7
audio2019/tram-lyon-1216-44958-a.wav	9
audio2019/tram-lisbon-1191-44959-a.wav	9
audio2019/tram-lisbon-1200-44960-a.wav	9
audio2019/metro-prague-1213-44961-a.wav	2
audio2019/shopping_mall-milan-1183-44962-a.wav	7
audio2019/metro_station-lisbon-1221-44963-a.wav	5
audio2019/bus-prague-1207-44964-a.wav	8
audio2019/tram-prague-1189-44965-a.wav	9
audio2019/park-lisbon-1198-44966-a.wav	3
audio2019/tram-lisbon-1191-44967-a.wav	9
audio2019/tram-prague-1184-44968-a.wav	9
audio2019/metro_station-prague-1170-44969-a.wav	5
audio2019/metro_station-milan-1187-44970-a.wav	5
audio2019/street_pedestrian-lyon-1162-44971-a.wav	1
audio2019/street_traffic-milan-1202-44972-a.wav	4
audio2019/bus-prague-1207-44973-a.wav	8
audio2019/street_traffic-lyon-1220-44974-a.wav	4
audio2019/metro-milan-1197-44975-a.wav	2
audio2019/shopping_mall-milan-1183-44976-a.wav	7
audio2019/street_pedestrian-milan-1165-44977-a.wav	1
audio2019/street_pedestrian-prague-1203-44978-a.wav	1
audio2019/street_traffic-milan-1202-44979-a.wav	4
audio2019/street_pedestrian-milan-1205-44980-a.wav	1
audio2019/airport-lyon-1169-44981-a.wav	0
audio2019/metro-prague-1213-44982-a.wav	2
audio2019/metro_station-prague-1170-44983-a.wav	5
audio2019/park-lyon-1188-44984-a.wav	3
audio2019/park-lyon-1188-44985-a.wav	3
audio2019/tram-lyon-1216-44986-a.wav	9
audio2019/street_pedestrian-lisbon-1174-44987-a.wav	1
audio2019/public_square-lisbon-1211-44988-a.wav	6
audio2019/public_square-milan-1168-44989-a.wav	6
audio2019/tram-lyon-1216-44990-a.wav	9
audio2019/public_square-lyon-1208-44991-a.wav	6
audio2019/tram-prague-1189-44992-a.wav	9
audio2019/street_traffic-lyon-1220-44993-a.wav	4
audio2019/metro_station-lyon-1179-44994-a.wav	5
audio2019/tram-lyon-1225-44995-a.wav	9
audio2019/street_traffic-milan-1202-44996-a.wav	4
audio2019/airport-prague-1173-44997-a.wav	0
audio2019/public_square-prague-1192-44998-a.wav	6
audio2019/park-lyon-1188-44999-a.wav	3
audio2019/street_pedestrian-lyon-1162-45000-a.wav	1
audio2019/public_square-milan-1168-45001-a.wav	6
audio2019/street_pedestrian-lisbon-1174-45002-a.wav	1
audio2019/tram-lyon-1225-45003-a.wav	9
audio2019/park-lisbon-1198-45004-a.wav	3
audio2019/metro-prague-1213-45005-a.wav	2
audio2019/tram-lyon-1225-45006-a.wav	9
audio2019/bus-lyon-1186-45007-a.wav	8
audio2019/metro-prague-1163-45008-a.wav	2
audio2019/tram-lisbon-1191-45009-a.wav	9
audio2019/park-lyon-1188-45010-a.wav	3
audio2019/metro_station-prague-1170-45011-a.wav	5
audio2019/street_traffic-milan-1166-45012-a.wav	4
audio2019/metro_station-lisbon-1221-45013-a.wav	5
audio2019/shopping_mall-prague-1219-45014-a.wav	7
audio2019/bus-prague-1194-45015-a.wav	8
audio2019/metro-lyon-1206-45016-a.wav	2
audio2019/metro-lisbon-1224-45017-a.wav	2
audio2019/metro-prague-1213-45018-a.wav	2
audio2019/metro-milan-1218-45019-a.wav	2
audio2019/metro_station-lisbon-1221-45020-a.wav	5
audio2019/tram-lyon-1225-45021-a.wav	9
audio2019/metro_station-lisbon-1221-45022-a.wav	5
audio2019/metro-lyon-1201-45023-a.wav	2
audio2019/metro_station-lyon-1179-45024-a.wav	5
audio2019/shopping_mall-lisbon-1176-45025-a.wav	7
audio2019/metro-lyon-1201-45026-a.wav	2
audio2019/metro-milan-1218-45027-a.wav	2
audio2019/airport-milan-1172-45028-a.wav	0
audio2019/public_square-lisbon-1211-45029-a.wav	6
audio2019/metro_station-lyon-1167-45030-a.wav	5
audio2019/public_square-lyon-1178-45031-a.wav	6
audio2019/airport-prague-1173-45032-a.wav	0
audio2019/metro-milan-1218-45033-a.wav	2
audio2019/metro_station-lisbon-1221-45034-a.wav	5
audio2019/bus-lisbon-1226-45035-a.wav	8
audio2019/tram-lisbon-1191-45036-a.wav	9
audio2019/shopping_mall-milan-1183-45037-a.wav	7
audio2019/public_square-lyon-1178-45038-a.wav	6
audio2019/park-milan-1164-45039-a.wav	3
audio2019/public_square-lyon-1178-45040-a.wav	6
audio2019/park-milan-1164-45041-a.wav	3
audio2019/shopping_mall-lisbon-1176-45042-a.wav	7
audio2019/metro_station-lisbon-1221-45043-a.wav	5
audio2019/public_square-lyon-1208-45044-a.wav	6
audio2019/metro_station-milan-1187-45045-a.wav	5
audio2019/bus-lyon-1186-45046-a.wav	8
audio2019/public_square-prague-1214-45047-a.wav	6
audio2019/tram-lisbon-1200-45048-a.wav	9
audio2019/tram-prague-1189-45049-a.wav	9
audio2019/park-prague-1185-45050-a.wav	3
audio2019/metro-lisbon-1224-45051-a.wav	2
audio2019/tram-lisbon-1191-45052-a.wav	9
audio2019/public_square-prague-1214-45053-a.wav	6
audio2019/tram-milan-1222-45054-a.wav	9
audio2019/street_traffic-lisbon-1171-45055-a.wav	4
audio2019/public_square-lisbon-1211-45056-a.wav	6
audio2019/bus-lisbon-1223-45057-a.wav	8
audio2019/street_traffic-lisbon-1171-45058-a.wav	4
audio2019/street_pedestrian-milan-1205-45059-a.wav	1
audio2019/bus-prague-1194-45060-a.wav	8
audio2019/bus-lyon-1186-45061-a.wav	8
audio2019/metro-lisbon-1217-45062-a.wav	2
audio2019/airport-prague-1195-45063-a.wav	0
audio2019/shopping_mall-prague-1219-45064-a.wav	7
audio2019/airport-prague-1195-45065-a.wav	0
audio2019/shopping_mall-lisbon-1176-45066-a.wav	7
audio2019/street_traffic-milan-1202-45067-a.wav	4
audio2019/airport-lyon-1169-45068-a.wav	0
audio2019/metro-milan-1197-45069-a.wav	2
audio2019/airport-lisbon-1175-45070-a.wav	0
audio2019/public_square-milan-1168-45071-a.wav	6
audio2019/shopping_mall-lyon-1196-45072-a.wav	7
audio2019/metro-milan-1218-45073-a.wav	2
audio2019/metro-prague-1213-45074-a.wav	2
audio2019/metro-milan-1218-45075-a.wav	2
audio2019/metro_station-milan-1187-45076-a.wav	5
audio2019/public_square-prague-1214-45077-a.wav	6
audio2019/bus-lisbon-1226-45078-a.wav	8
audio2019/bus-prague-1207-45079-a.wav	8
audio2019/bus-lisbon-1212-45080-a.wav	8
audio2019/park-lisbon-1198-45081-a.wav	3
audio2019/airport-milan-1172-45082-a.wav	0
audio2019/street_pedestrian-lyon-1162-45083-a.wav	1
audio2019/street_pedestrian-lisbon-1174-45084-a.wav	1
audio2019/bus-lisbon-1226-45085-a.wav	8
audio2019/street_traffic-lyon-1220-45086-a.wav	4
audio2019/shopping_mall-milan-1183-45087-a.wav	7
audio2019/shopping_mall-milan-1183-45088-a.wav	7
audio2019/bus-milan-1190-45089-a.wav	8
audio2019/bus-lyon-1186-45090-a.wav	8
audio2019/bus-prague-1194-45091-a.wav	8
audio2019/bus-prague-1207-45092-a.wav	8
audio2019/park-milan-1164-45093-a.wav	3
audio2019/street_pedestrian-prague-1227-45094-a.wav	1
audio2019/bus-lisbon-1226-45095-a.wav	8
audio2019/airport-prague-1195-45096-a.wav	0
audio2019/shopping_mall-prague-1219-45097-a.wav	7
audio2019/metro_station-prague-1170-45098-a.wav	5
audio2019/public_square-lisbon-1211-45099-a.wav	6
audio2019/bus-lisbon-1226-45100-a.wav	8
audio2019/street_pedestrian-prague-1227-45101-a.wav	1
audio2019/metro-lisbon-1217-45102-a.wav	2
audio2019/metro_station-lisbon-1221-45103-a.wav	5
audio2019/public_square-prague-1192-45104-a.wav	6
audio2019/tram-prague-1184-45105-a.wav	9
audio2019/public_square-lisbon-1211-45106-a.wav	6
audio2019/metro_station-lyon-1167-45107-a.wav	5
audio2019/airport-lisbon-1175-45108-a.wav	0
audio2019/airport-prague-1195-45109-a.wav	0
audio2019/shopping_mall-lyon-1196-45110-a.wav	7
audio2019/metro_station-lisbon-1221-45111-a.wav	5
audio2019/metro-lyon-1181-45112-a.wav	2
audio2019/shopping_mall-milan-1183-45113-a.wav	7
audio2019/shopping_mall-lisbon-1176-45114-a.wav	7
audio2019/metro_station-lisbon-1221-45115-a.wav	5
audio2019/metro_station-lisbon-1221-45116-a.wav	5
audio2019/metro-milan-1218-45117-a.wav	2
audio2019/park-milan-1164-45118-a.wav	3
audio2019/airport-milan-1172-45119-a.wav	0
audio2019/street_traffic-prague-1193-45120-a.wav	4
audio2019/public_square-lyon-1178-45121-a.wav	6
audio2019/bus-lyon-1186-45122-a.wav	8
audio2019/metro-prague-1163-45123-a.wav	2
audio2019/street_pedestrian-lisbon-1174-45124-a.wav	1
audio2019/metro_station-prague-1170-45125-a.wav	5
audio2019/airport-lisbon-1175-45126-a.wav	0
audio2019/airport-lisbon-1175-45127-a.wav	0
audio2019/street_pedestrian-milan-1165-45128-a.wav	1
audio2019/airport-lyon-1169-45129-a.wav	0
audio2019/metro-prague-1213-45130-a.wav	2
audio2019/street_pedestrian-lisbon-1174-45131-a.wav	1
audio2019/tram-lyon-1216-45132-a.wav	9
audio2019/bus-prague-1215-45133-a.wav	8
audio2019/public_square-prague-1192-45134-a.wav	6
audio2019/bus-lyon-1186-45135-a.wav	8
audio2019/metro-lyon-1201-45136-a.wav	2
audio2019/street_traffic-milan-1202-45137-a.wav	4
audio2019/tram-lyon-1225-45138-a.wav	9
audio2019/public_square-lisbon-1211-45139-a.wav	6
audio2019/shopping_mall-lisbon-1176-45140-a.wav	7
audio2019/public_square-prague-1192-45141-a.wav	6
audio2019/street_pedestrian-lisbon-1174-45142-a.wav	1
audio2019/metro_station-milan-1187-45143-a.wav	5
audio2019/street_traffic-milan-1166-45144-a.wav	4
audio2019/metro-milan-1197-45145-a.wav	2
audio2019/bus-milan-1190-45146-a.wav	8
audio2019/metro_station-lyon-1179-45147-a.wav	5
audio2019/metro-lyon-1206-45148-a.wav	2
audio2019/public_square-lyon-1178-45149-a.wav	6
audio2019/shopping_mall-lyon-1196-45150-a.wav	7
audio2019/park-lyon-1188-45151-a.wav	3
audio2019/shopping_mall-milan-1183-45152-a.wav	7
audio2019/public_square-lyon-1208-45153-a.wav	6
audio2019/metro-lisbon-1199-45154-a.wav	2
audio2019/park-lisbon-1198-45155-a.wav	3
audio2019/tram-prague-1210-45156-a.wav	9
audio2019/metro-prague-1163-45157-a.wav	2
audio2019/airport-prague-1173-45158-a.wav	0
audio2019/park-prague-1185-45159-a.wav	3
audio2019/shopping_mall-milan-1183-45160-a.wav	7
audio2019/metro_station-lyon-1167-45161-a.wav	5
audio2019/metro-lisbon-1224-45162-a.wav	2
audio2019/metro_station-prague-1170-45163-a.wav	5
audio2019/public_square-milan-1168-45164-a.wav	6
audio2019/airport-milan-1172-45165-a.wav	0
audio2019/metro-lyon-1201-45166-a.wav	2
audio2019/public_square-milan-1168-45167-a.wav	6
audio2019/park-lisbon-1198-45168-a.wav	3
audio2019/tram-lisbon-1191-45169-a.wav	9
audio2019/shopping_mall-lyon-1196-45170-a.wav	7
audio2019/street_traffic-milan-1202-45171-a.wav	4
audio2019/street_pedestrian-milan-1205-45172-a.wav	1
audio2019/street_traffic-lisbon-1171-45173-a.wav	4
audio2019/park-prague-1185-45174-a.wav	3
audio2019/tram-prague-1210-45175-a.wav	9
audio2019/bus-milan-1190-45176-a.wav	8
audio2019/metro-lyon-1181-45177-a.wav	2
audio2019/park-lisbon-1198-45178-a.wav	3
audio2019/metro-prague-1213-45179-a.wav	2
audio2019/public_square-milan-1168-45180-a.wav	6
audio2019/tram-lyon-1225-45181-a.wav	9
audio2019/street_traffic-lisbon-1171-45182-a.wav	4
audio2019/street_traffic-milan-1202-45183-a.wav	4
audio2019/shopping_mall-prague-1219-45184-a.wav	7
audio2019/airport-lyon-1169-45185-a.wav	0
audio2019/street_pedestrian-prague-1203-45186-a.wav	1
audio2019/street_pedestrian-prague-1203-45187-a.wav	1
audio2019/public_square-lyon-1208-45188-a.wav	6
audio2019/tram-prague-1184-45189-a.wav	9
audio2019/airport-milan-1172-45190-a.wav	0
audio2019/shopping_mall-lyon-1196-45191-a.wav	7
audio2019/street_traffic-milan-1202-45192-a.wav	4
audio2019/bus-lyon-1177-45193-a.wav	8
audio2019/shopping_mall-lyon-1196-45194-a.wav	7
audio2019/street_traffic-prague-1193-45195-a.wav	4
audio2019/shopping_mall-lyon-1196-45196-a.wav	7
audio2019/shopping_mall-lyon-1196-45197-a.wav	7
audio2019/public_square-lyon-1208-45198-a.wav	6
audio2019/park-lisbon-1198-45199-a.wav	3
audio2019/tram-lisbon-1200-45200-a.wav	9
audio2019/airport-prague-1173-45201-a.wav	0
audio2019/shopping_mall-lyon-1196-45202-a.wav	7
audio2019/park-milan-1164-45203-a.wav	3
audio2019/metro-milan-1197-45204-a.wav	2
audio2019/shopping_mall-lyon-1196-45205-a.wav	7
audio2019/tram-lisbon-1200-45206-a.wav	9
audio2019/metro_station-lisbon-1221-45207-a.wav	5
audio2019/park-milan-1164-45208-a.wav	3
audio2019/shopping_mall-prague-1219-45209-a.wav	7
audio2019/bus-prague-1207-45210-a.wav	8
audio2019/street_traffic-prague-1193-45211-a.wav	4
audio2019/public_square-milan-1168-45212-a.wav	6
audio2019/airport-lisbon-1175-45213-a.wav	0
audio2019/airport-milan-1172-45214-a.wav	0
audio2019/park-lisbon-1198-45215-a.wav	3
audio2019/public_square-lyon-1178-45216-a.wav	6
audio2019/tram-milan-1182-45217-a.wav	9
audio2019/street_traffic-lisbon-1171-45218-a.wav	4
audio2019/tram-lisbon-1200-45219-a.wav	9
audio2019/bus-lisbon-1223-45220-a.wav	8
audio2019/bus-milan-1180-45221-a.wav	8
audio2019/shopping_mall-milan-1183-45222-a.wav	7
audio2019/metro_station-milan-1187-45223-a.wav	5
audio2019/metro_station-milan-1187-45224-a.wav	5
audio2019/airport-milan-1172-45225-a.wav	0
audio2019/metro_station-milan-1187-45226-a.wav	5
audio2019/park-lyon-1188-45227-a.wav	3
audio2019/street_pedestrian-milan-1205-45228-a.wav	1
audio2019/street_pedestrian-lisbon-1174-45229-a.wav	1
audio2019/street_pedestrian-lyon-1162-45230-a.wav	1
audio2019/metro-milan-1197-45231-a.wav	2
audio2019/tram-milan-1222-45232-a.wav	9
audio2019/street_traffic-lyon-1220-45233-a.wav	4
audio2019/metro_station-lyon-1179-45234-a.wav	5
audio2019/metro_station-lyon-1179-45235-a.wav	5
audio2019/tram-lyon-1225-45236-a.wav	9
audio2019/street_traffic-prague-1193-45237-a.wav	4
audio2019/bus-milan-1180-45238-a.wav	8
audio2019/street_pedestrian-prague-1203-45239-a.wav	1
audio2019/metro-lisbon-1199-45240-a.wav	2
audio2019/bus-milan-1180-45241-a.wav	8
audio2019/bus-milan-1180-45242-a.wav	8
audio2019/street_traffic-lyon-1220-45243-a.wav	4
audio2019/bus-lisbon-1223-45244-a.wav	8
audio2019/tram-prague-1189-45245-a.wav	9
audio2019/street_pedestrian-milan-1205-45246-a.wav	1
audio2019/tram-prague-1184-45247-a.wav	9
audio2019/park-lyon-1188-45248-a.wav	3
audio2019/metro-milan-1197-45249-a.wav	2
audio2019/metro_station-lisbon-1221-45250-a.wav	5
audio2019/public_square-prague-1214-45251-a.wav	6
audio2019/metro_station-milan-1187-45252-a.wav	5
audio2019/street_traffic-milan-1166-45253-a.wav	4
audio2019/park-lisbon-1198-45254-a.wav	3
audio2019/park-milan-1164-45255-a.wav	3
audio2019/metro-milan-1197-45256-a.wav	2
audio2019/metro_station-lyon-1179-45257-a.wav	5
audio2019/street_pedestrian-lyon-1162-45258-a.wav	1
audio2019/park-lisbon-1198-45259-a.wav	3
audio2019/airport-prague-1195-45260-a.wav	0
audio2019/airport-milan-1172-45261-a.wav	0
audio2019/metro_station-lisbon-1221-45262-a.wav	5
audio2019/airport-lyon-1169-45263-a.wav	0
audio2019/bus-lyon-1186-45264-a.wav	8
audio2019/airport-prague-1195-45265-a.wav	0
audio2019/metro-prague-1213-45266-a.wav	2
audio2019/bus-milan-1180-45267-a.wav	8
audio2019/street_pedestrian-prague-1203-45268-a.wav	1
audio2019/tram-lyon-1216-45269-a.wav	9
audio2019/metro-milan-1218-45270-a.wav	2
audio2019/street_traffic-milan-1166-45271-a.wav	4
audio2019/metro_station-lyon-1167-45272-a.wav	5
audio2019/street_pedestrian-lisbon-1174-45273-a.wav	1
audio2019/public_square-lyon-1178-45274-a.wav	6
audio2019/bus-lyon-1177-45275-a.wav	8
audio2019/street_pedestrian-milan-1205-45276-a.wav	1
audio2019/public_square-prague-1214-45277-a.wav	6
audio2019/park-prague-1185-45278-a.wav	3
audio2019/metro-lisbon-1217-45279-a.wav	2
audio2019/bus-lisbon-1223-45280-a.wav	8
audio2019/metro_station-lyon-1167-45281-a.wav	5
audio2019/public_square-milan-1168-45282-a.wav	6
audio2019/bus-milan-1180-45283-a.wav	8
audio2019/street_pedestrian-milan-1165-45284-a.wav	1
audio2019/street_pedestrian-milan-1165-45285-a.wav	1
audio2019/street_traffic-milan-1202-45286-a.wav	4
audio2019/tram-lisbon-1200-45287-a.wav	9
audio2019/park-prague-1185-45288-a.wav	3
audio2019/public_square-prague-1192-45289-a.wav	6
audio2019/street_traffic-lisbon-1171-45290-a.wav	4
audio2019/street_traffic-milan-1202-45291-a.wav	4
audio2019/shopping_mall-lisbon-1176-45292-a.wav	7
audio2019/street_traffic-prague-1193-45293-a.wav	4
audio2019/metro_station-milan-1187-45294-a.wav	5
audio2019/bus-prague-1194-45295-a.wav	8
audio2019/airport-lyon-1169-45296-a.wav	0
audio2019/public_square-lisbon-1211-45297-a.wav	6
audio2019/tram-lisbon-1200-45298-a.wav	9
audio2019/airport-prague-1173-45299-a.wav	0
audio2019/airport-lisbon-1175-45300-a.wav	0
audio2019/park-lisbon-1198-45301-a.wav	3
audio2019/metro_station-prague-1170-45302-a.wav	5
audio2019/public_square-lisbon-1211-45303-a.wav	6
audio2019/metro_station-milan-1187-45304-a.wav	5
audio2019/bus-milan-1180-45305-a.wav	8
audio2019/street_traffic-lisbon-1171-45306-a.wav	4
audio2019/metro_station-lisbon-1221-45307-a.wav	5
audio2019/metro-lisbon-1224-45308-a.wav	2
audio2019/metro_station-lyon-1179-45309-a.wav	5
audio2019/metro-prague-1163-45310-a.wav	2
audio2019/metro_station-milan-1187-45311-a.wav	5
audio2019/airport-prague-1195-45312-a.wav	0
audio2019/metro-prague-1204-45313-a.wav	2
audio2019/tram-milan-1209-45314-a.wav	9
audio2019/metro_station-lisbon-1221-45315-a.wav	5
audio2019/metro_station-lyon-1167-45316-a.wav	5
audio2019/tram-milan-1222-45317-a.wav	9
audio2019/bus-milan-1180-45318-a.wav	8
audio2019/tram-prague-1210-45319-a.wav	9
audio2019/airport-milan-1172-45320-a.wav	0
audio2019/bus-milan-1180-45321-a.wav	8
audio2019/tram-prague-1184-45322-a.wav	9
audio2019/metro_station-milan-1187-45323-a.wav	5
audio2019/public_square-lisbon-1211-45324-a.wav	6
audio2019/street_pedestrian-milan-1205-45325-a.wav	1
audio2019/public_square-milan-1168-45326-a.wav	6
audio2019/airport-milan-1172-45327-a.wav	0
audio2019/shopping_mall-prague-1219-45328-a.wav	7
audio2019/street_traffic-lyon-1220-45329-a.wav	4
audio2019/street_pedestrian-prague-1203-45330-a.wav	1
audio2019/metro_station-lisbon-1221-45331-a.wav	5
audio2019/bus-prague-1215-45332-a.wav	8
audio2019/bus-prague-1207-45333-a.wav	8
audio2019/public_square-prague-1192-45334-a.wav	6
audio2019/street_traffic-lyon-1220-45335-a.wav	4
audio2019/airport-prague-1173-45336-a.wav	0
audio2019/tram-lisbon-1200-45337-a.wav	9
audio2019/bus-prague-1207-45338-a.wav	8
audio2019/shopping_mall-milan-1183-45339-a.wav	7
audio2019/airport-lisbon-1175-45340-a.wav	0
audio2019/metro_station-lisbon-1221-45341-a.wav	5
audio2019/public_square-lyon-1178-45342-a.wav	6
audio2019/shopping_mall-lyon-1196-45343-a.wav	7
audio2019/street_pedestrian-prague-1227-45344-a.wav	1
audio2019/bus-milan-1190-45345-a.wav	8
audio2019/street_traffic-prague-1193-45346-a.wav	4
audio2019/street_traffic-lisbon-1171-45347-a.wav	4
audio2019/public_square-prague-1192-45348-a.wav	6
audio2019/bus-lyon-1186-45349-a.wav	8
audio2019/airport-lisbon-1175-45350-a.wav	0
audio2019/airport-lisbon-1175-45351-a.wav	0
audio2019/bus-prague-1194-45352-a.wav	8
audio2019/street_pedestrian-milan-1205-45353-a.wav	1
audio2019/metro-prague-1204-45354-a.wav	2
audio2019/airport-milan-1172-45355-a.wav	0
audio2019/street_pedestrian-prague-1227-45356-a.wav	1
audio2019/airport-lisbon-1175-45357-a.wav	0
audio2019/street_pedestrian-prague-1203-45358-a.wav	1
audio2019/shopping_mall-lyon-1196-45359-a.wav	7
audio2019/metro-lyon-1201-45360-a.wav	2
audio2019/public_square-prague-1192-45361-a.wav	6
audio2019/airport-lisbon-1175-45362-a.wav	0
audio2019/public_square-lyon-1178-45363-a.wav	6
audio2019/metro-milan-1197-45364-a.wav	2
audio2019/tram-lyon-1216-45365-a.wav	9
audio2019/metro-milan-1218-45366-a.wav	2
audio2019/tram-prague-1189-45367-a.wav	9
audio2019/tram-prague-1184-45368-a.wav	9
audio2019/street_traffic-prague-1193-45369-a.wav	4
audio2019/shopping_mall-prague-1219-45370-a.wav	7
audio2019/street_pedestrian-lyon-1162-45371-a.wav	1
audio2019/park-milan-1164-45372-a.wav	3
audio2019/park-lyon-1188-45373-a.wav	3
audio2019/metro-lyon-1181-45374-a.wav	2
audio2019/shopping_mall-prague-1219-45375-a.wav	7
audio2019/shopping_mall-milan-1183-45376-a.wav	7
audio2019/park-prague-1185-45377-a.wav	3
audio2019/shopping_mall-prague-1219-45378-a.wav	7
audio2019/street_pedestrian-prague-1203-45379-a.wav	1
audio2019/shopping_mall-prague-1219-45380-a.wav	7
audio2019/metro_station-prague-1170-45381-a.wav	5
audio2019/park-lisbon-1198-45382-a.wav	3
audio2019/tram-milan-1182-45383-a.wav	9
audio2019/tram-lisbon-1191-45384-a.wav	9
audio2019/shopping_mall-lyon-1196-45385-a.wav	7
audio2019/bus-milan-1190-45386-a.wav	8
audio2019/tram-lyon-1216-45387-a.wav	9
audio2019/bus-lyon-1186-45388-a.wav	8
audio2019/metro_station-lyon-1167-45389-a.wav	5
audio2019/bus-milan-1180-45390-a.wav	8
audio2019/metro_station-prague-1170-45391-a.wav	5
audio2019/street_traffic-lisbon-1171-45392-a.wav	4
audio2019/tram-lyon-1216-45393-a.wav	9
audio2019/public_square-prague-1214-45394-a.wav	6
audio2019/park-prague-1185-45395-a.wav	3
audio2019/airport-lyon-1169-45396-a.wav	0
audio2019/street_pedestrian-milan-1165-45397-a.wav	1
audio2019/public_square-lyon-1178-45398-a.wav	6
audio2019/shopping_mall-milan-1183-45399-a.wav	7
audio2019/street_pedestrian-prague-1203-45400-a.wav	1
audio2019/tram-lyon-1216-45401-a.wav	9
audio2019/street_pedestrian-lyon-1162-45402-a.wav	1
audio2019/street_pedestrian-prague-1227-45403-a.wav	1
audio2019/street_traffic-prague-1193-45404-a.wav	4
audio2019/airport-prague-1173-45405-a.wav	0
audio2019/metro-lyon-1206-45406-a.wav	2
audio2019/street_traffic-lisbon-1171-45407-a.wav	4
audio2019/tram-lyon-1216-45408-a.wav	9
audio2019/airport-milan-1172-45409-a.wav	0
audio2019/shopping_mall-prague-1219-45410-a.wav	7
audio2019/metro-lisbon-1224-45411-a.wav	2
audio2019/shopping_mall-lyon-1196-45412-a.wav	7
audio2019/metro-lisbon-1224-45413-a.wav	2
audio2019/metro_station-milan-1187-45414-a.wav	5
audio2019/metro_station-milan-1187-45415-a.wav	5
audio2019/park-lisbon-1198-45416-a.wav	3
audio2019/shopping_mall-lyon-1196-45417-a.wav	7
audio2019/metro-lisbon-1199-45418-a.wav	2
audio2019/public_square-lisbon-1211-45419-a.wav	6
audio2019/airport-milan-1172-45420-a.wav	0
audio2019/public_square-prague-1214-45421-a.wav	6
audio2019/street_traffic-milan-1166-45422-a.wav	4
audio2019/shopping_mall-lyon-1196-45423-a.wav	7
audio2019/public_square-lyon-1178-45424-a.wav	6
audio2019/park-milan-1164-45425-a.wav	3
audio2019/metro_station-lisbon-1221-45426-a.wav	5
audio2019/street_pedestrian-prague-1203-45427-a.wav	1
audio2019/tram-milan-1222-45428-a.wav	9
audio2019/street_pedestrian-lisbon-1174-45429-a.wav	1
audio2019/bus-prague-1207-45430-a.wav	8
audio2019/shopping_mall-prague-1219-45431-a.wav	7
audio2019/street_traffic-prague-1193-45432-a.wav	4
audio2019/shopping_mall-prague-1219-45433-a.wav	7
audio2019/street_pedestrian-prague-1203-45434-a.wav	1
audio2019/public_square-milan-1168-45435-a.wav	6
audio2019/bus-lyon-1186-45436-a.wav	8
audio2019/tram-prague-1189-45437-a.wav	9
audio2019/street_pedestrian-lyon-1162-45438-a.wav	1
audio2019/shopping_mall-lyon-1196-45439-a.wav	7
audio2019/public_square-milan-1168-45440-a.wav	6
audio2019/tram-lyon-1225-45441-a.wav	9
audio2019/tram-lisbon-1200-45442-a.wav	9
audio2019/street_traffic-lisbon-1171-45443-a.wav	4
audio2019/public_square-lisbon-1211-45444-a.wav	6
audio2019/street_traffic-prague-1193-45445-a.wav	4
audio2019/public_square-lyon-1208-45446-a.wav	6
audio2019/metro_station-lyon-1167-45447-a.wav	5
audio2019/street_pedestrian-prague-1203-45448-a.wav	1
audio2019/street_traffic-milan-1166-45449-a.wav	4
audio2019/airport-lisbon-1175-45450-a.wav	0
audio2019/airport-lisbon-1175-45451-a.wav	0
audio2019/street_pedestrian-prague-1203-45452-a.wav	1
audio2019/shopping_mall-milan-1183-45453-a.wav	7
audio2019/street_traffic-milan-1202-45454-a.wav	4
audio2019/metro-lisbon-1217-45455-a.wav	2
audio2019/tram-lyon-1225-45456-a.wav	9
audio2019/bus-lisbon-1212-45457-a.wav	8
audio2019/tram-milan-1209-45458-a.wav	9
audio2019/street_pedestrian-lisbon-1174-45459-a.wav	1
audio2019/shopping_mall-milan-1183-45460-a.wav	7
audio2019/shopping_mall-milan-1183-45461-a.wav	7
audio2019/public_square-prague-1192-45462-a.wav	6
audio2019/metro_station-lyon-1179-45463-a.wav	5
audio2019/tram-lisbon-1200-45464-a.wav	9
audio2019/metro_station-lyon-1167-45465-a.wav	5
audio2019/shopping_mall-milan-1183-45466-a.wav	7
audio2019/tram-lyon-1216-45467-a.wav	9
audio2019/park-lyon-1188-45468-a.wav	3
audio2019/metro-prague-1163-45469-a.wav	2
audio2019/shopping_mall-lyon-1196-45470-a.wav	7
audio2019/shopping_mall-lyon-1196-45471-a.wav	7
audio2019/tram-lyon-1225-45472-a.wav	9
audio2019/metro-prague-1213-45473-a.wav	2
audio2019/shopping_mall-lyon-1196-45474-a.wav	7
audio2019/public_square-lyon-1178-45475-a.wav	6
audio2019/bus-prague-1207-45476-a.wav	8
audio2019/street_pedestrian-milan-1165-45477-a.wav	1
audio2019/tram-lisbon-1191-45478-a.wav	9
audio2019/street_traffic-lyon-1220-45479-a.wav	4
audio2019/street_pedestrian-lyon-1162-45480-a.wav	1
audio2019/metro_station-prague-1170-45481-a.wav	5
audio2019/metro_station-prague-1170-45482-a.wav	5
audio2019/street_traffic-prague-1193-45483-a.wav	4
audio2019/public_square-prague-1214-45484-a.wav	6
audio2019/airport-prague-1173-45485-a.wav	0
audio2019/metro-milan-1218-45486-a.wav	2
audio2019/airport-lyon-1169-45487-a.wav	0
audio2019/tram-milan-1182-45488-a.wav	9
audio2019/shopping_mall-milan-1183-45489-a.wav	7
audio2019/airport-milan-1172-45490-a.wav	0
audio2019/bus-milan-1190-45491-a.wav	8
audio2019/park-lyon-1188-45492-a.wav	3
audio2019/bus-prague-1207-45493-a.wav	8
audio2019/bus-lyon-1177-45494-a.wav	8
audio2019/shopping_mall-lisbon-1176-45495-a.wav	7
audio2019/bus-lisbon-1226-45496-a.wav	8
audio2019/street_pedestrian-milan-1165-45497-a.wav	1
audio2019/airport-lyon-1169-45498-a.wav	0
audio2019/metro-prague-1204-45499-a.wav	2
audio2019/metro_station-lyon-1167-45500-a.wav	5
audio2019/street_traffic-lisbon-1171-45501-a.wav	4
audio2019/tram-lisbon-1200-45502-a.wav	9
audio2019/shopping_mall-prague-1219-45503-a.wav	7
audio2019/tram-lisbon-1200-45504-a.wav	9
audio2019/airport-milan-1172-45505-a.wav	0
audio2019/street_traffic-prague-1193-45506-a.wav	4
audio2019/tram-prague-1210-45507-a.wav	9
audio2019/metro_station-milan-1187-45508-a.wav	5
audio2019/street_pedestrian-milan-1205-45509-a.wav	1
audio2019/public_square-lyon-1208-45510-a.wav	6
audio2019/street_pedestrian-lisbon-1174-45511-a.wav	1
audio2019/street_traffic-lyon-1220-45512-a.wav	4
audio2019/metro-lisbon-1199-45513-a.wav	2
audio2019/public_square-lisbon-1211-45514-a.wav	6
audio2019/metro_station-lyon-1167-45515-a.wav	5
audio2019/shopping_mall-milan-1183-45516-a.wav	7
audio2019/shopping_mall-lyon-1196-45517-a.wav	7
audio2019/tram-prague-1184-45518-a.wav	9
audio2019/airport-lyon-1169-45519-a.wav	0
audio2019/street_pedestrian-prague-1203-45520-a.wav	1
audio2019/bus-lyon-1177-45521-a.wav	8
audio2019/metro_station-prague-1170-45522-a.wav	5
audio2019/public_square-prague-1192-45523-a.wav	6
audio2019/metro-lisbon-1224-45524-a.wav	2
audio2019/metro_station-lyon-1167-45525-a.wav	5
audio2019/shopping_mall-prague-1219-45526-a.wav	7
audio2019/street_pedestrian-prague-1227-45527-a.wav	1
audio2019/bus-lyon-1177-45528-a.wav	8
audio2019/tram-prague-1189-45529-a.wav	9
audio2019/metro_station-prague-1170-45530-a.wav	5
audio2019/park-lisbon-1198-45531-a.wav	3
audio2019/public_square-prague-1214-45532-a.wav	6
audio2019/street_traffic-prague-1193-45533-a.wav	4
audio2019/bus-lisbon-1212-45534-a.wav	8
audio2019/shopping_mall-lyon-1196-45535-a.wav	7
audio2019/tram-milan-1222-45536-a.wav	9
audio2019/airport-prague-1195-45537-a.wav	0
audio2019/park-milan-1164-45538-a.wav	3
audio2019/airport-lisbon-1175-45539-a.wav	0
audio2019/tram-milan-1182-45540-a.wav	9
audio2019/public_square-lyon-1178-45541-a.wav	6
audio2019/shopping_mall-prague-1219-45542-a.wav	7
audio2019/street_traffic-prague-1193-45543-a.wav	4
audio2019/bus-lisbon-1226-45544-a.wav	8
audio2019/street_pedestrian-lyon-1162-45545-a.wav	1
audio2019/shopping_mall-prague-1219-45546-a.wav	7
audio2019/shopping_mall-lisbon-1176-45547-a.wav	7
audio2019/bus-lisbon-1212-45548-a.wav	8
audio2019/park-prague-1185-45549-a.wav	3
audio2019/shopping_mall-lyon-1196-45550-a.wav	7
audio2019/shopping_mall-lisbon-1176-45551-a.wav	7
audio2019/bus-milan-1190-45552-a.wav	8
audio2019/tram-lyon-1225-45553-a.wav	9
audio2019/public_square-lyon-1208-45554-a.wav	6
audio2019/metro_station-lyon-1167-45555-a.wav	5
audio2019/street_pedestrian-milan-1205-45556-a.wav	1
audio2019/park-lisbon-1198-45557-a.wav	3
audio2019/public_square-prague-1192-45558-a.wav	6
audio2019/metro-prague-1163-45559-a.wav	2
audio2019/airport-lyon-1169-45560-a.wav	0
audio2019/street_pedestrian-lyon-1162-45561-a.wav	1
audio2019/public_square-lyon-1208-45562-a.wav	6
audio2019/tram-lyon-1216-45563-a.wav	9
audio2019/tram-lyon-1225-45564-a.wav	9
audio2019/street_pedestrian-milan-1205-45565-a.wav	1
audio2019/shopping_mall-lyon-1196-45566-a.wav	7
audio2019/shopping_mall-milan-1183-45567-a.wav	7
audio2019/street_pedestrian-prague-1203-45568-a.wav	1
audio2019/shopping_mall-lisbon-1176-45569-a.wav	7
audio2019/metro_station-lyon-1179-45570-a.wav	5
audio2019/tram-lisbon-1191-45571-a.wav	9
audio2019/street_pedestrian-prague-1203-45572-a.wav	1
audio2019/bus-prague-1215-45573-a.wav	8
audio2019/tram-lisbon-1191-45574-a.wav	9
audio2019/metro-lyon-1181-45575-a.wav	2
audio2019/public_square-lyon-1178-45576-a.wav	6
audio2019/metro_station-prague-1170-45577-a.wav	5
audio2019/park-prague-1185-45578-a.wav	3
audio2019/public_square-lyon-1178-45579-a.wav	6
audio2019/public_square-lyon-1178-45580-a.wav	6
audio2019/metro-lyon-1201-45581-a.wav	2
audio2019/shopping_mall-prague-1219-45582-a.wav	7
audio2019/metro-lisbon-1224-45583-a.wav	2
audio2019/bus-lyon-1186-45584-a.wav	8
audio2019/airport-lisbon-1175-45585-a.wav	0
audio2019/street_traffic-prague-1193-45586-a.wav	4
audio2019/metro_station-prague-1170-45587-a.wav	5
audio2019/airport-lyon-1169-45588-a.wav	0
audio2019/street_traffic-prague-1193-45589-a.wav	4
audio2019/shopping_mall-lisbon-1176-45590-a.wav	7
audio2019/metro-lyon-1201-45591-a.wav	2
audio2019/tram-milan-1222-45592-a.wav	9
audio2019/airport-lisbon-1175-45593-a.wav	0
audio2019/street_pedestrian-milan-1205-45594-a.wav	1
audio2019/park-prague-1185-45595-a.wav	3
audio2019/tram-prague-1184-45596-a.wav	9
audio2019/airport-prague-1195-45597-a.wav	0
audio2019/bus-lyon-1177-45598-a.wav	8
audio2019/bus-milan-1190-45599-a.wav	8
audio2019/metro_station-milan-1187-45600-a.wav	5
audio2019/bus-lisbon-1212-45601-a.wav	8
audio2019/public_square-lisbon-1211-45602-a.wav	6
audio2019/bus-milan-1190-45603-a.wav	8
audio2019/street_traffic-prague-1193-45604-a.wav	4
audio2019/shopping_mall-lisbon-1176-45605-a.wav	7
audio2019/street_traffic-prague-1193-45606-a.wav	4
audio2019/bus-prague-1215-45607-a.wav	8
audio2019/public_square-lyon-1178-45608-a.wav	6
audio2019/shopping_mall-lyon-1196-45609-a.wav	7
audio2019/park-lisbon-1198-45610-a.wav	3
audio2019/metro_station-lyon-1179-45611-a.wav	5
audio2019/tram-prague-1189-45612-a.wav	9
audio2019/public_square-lyon-1178-45613-a.wav	6
audio2019/park-prague-1185-45614-a.wav	3
audio2019/tram-prague-1189-45615-a.wav	9
audio2019/shopping_mall-milan-1183-45616-a.wav	7
audio2019/park-prague-1185-45617-a.wav	3
audio2019/public_square-lisbon-1211-45618-a.wav	6
audio2019/street_pedestrian-lyon-1162-45619-a.wav	1
audio2019/metro_station-lisbon-1221-45620-a.wav	5
audio2019/shopping_mall-lyon-1196-45621-a.wav	7
audio2019/shopping_mall-prague-1219-45622-a.wav	7
audio2019/street_pedestrian-prague-1203-45623-a.wav	1
audio2019/street_pedestrian-prague-1203-45624-a.wav	1
audio2019/shopping_mall-lyon-1196-45625-a.wav	7
audio2019/bus-prague-1194-45626-a.wav	8
audio2019/tram-prague-1184-45627-a.wav	9
audio2019/airport-lyon-1169-45628-a.wav	0
audio2019/tram-lyon-1216-45629-a.wav	9
audio2019/bus-prague-1194-45630-a.wav	8
audio2019/shopping_mall-milan-1183-45631-a.wav	7
audio2019/bus-lisbon-1226-45632-a.wav	8
audio2019/park-lyon-1188-45633-a.wav	3
audio2019/metro-lisbon-1199-45634-a.wav	2
audio2019/street_traffic-prague-1193-45635-a.wav	4
audio2019/metro_station-milan-1187-45636-a.wav	5
audio2019/metro-lisbon-1199-45637-a.wav	2
audio2019/street_pedestrian-milan-1165-45638-a.wav	1
audio2019/bus-lisbon-1223-45639-a.wav	8
audio2019/airport-prague-1173-45640-a.wav	0
audio2019/tram-lisbon-1200-45641-a.wav	9
audio2019/park-lyon-1188-45642-a.wav	3
audio2019/metro-prague-1213-45643-a.wav	2
audio2019/metro_station-lisbon-1221-45644-a.wav	5
audio2019/airport-milan-1172-45645-a.wav	0
audio2019/metro-milan-1197-45646-a.wav	2
audio2019/public_square-lyon-1208-45647-a.wav	6
audio2019/metro_station-milan-1187-45648-a.wav	5
audio2019/metro-lyon-1181-45649-a.wav	2
audio2019/tram-lisbon-1200-45650-a.wav	9
audio2019/street_pedestrian-prague-1203-45651-a.wav	1
audio2019/park-lyon-1188-45652-a.wav	3
audio2019/metro-lisbon-1224-45653-a.wav	2
audio2019/tram-prague-1189-45654-a.wav	9
audio2019/street_pedestrian-milan-1165-45655-a.wav	1
audio2019/public_square-milan-1168-45656-a.wav	6
audio2019/airport-prague-1195-45657-a.wav	0
audio2019/public_square-prague-1192-45658-a.wav	6
audio2019/street_pedestrian-lisbon-1174-45659-a.wav	1
audio2019/metro-prague-1204-45660-a.wav	2
audio2019/tram-lisbon-1191-45661-a.wav	9
audio2019/public_square-lyon-1208-45662-a.wav	6
audio2019/street_traffic-lyon-1220-45663-a.wav	4
audio2019/street_pedestrian-lisbon-1174-45664-a.wav	1
audio2019/metro_station-lyon-1167-45665-a.wav	5
audio2019/bus-prague-1215-45666-a.wav	8
audio2019/public_square-milan-1168-45667-a.wav	6
audio2019/public_square-lyon-1208-45668-a.wav	6
audio2019/street_pedestrian-prague-1203-45669-a.wav	1
audio2019/bus-lyon-1186-45670-a.wav	8
audio2019/street_pedestrian-lyon-1162-45671-a.wav	1
audio2019/airport-lyon-1169-45672-a.wav	0
audio2019/street_traffic-milan-1166-45673-a.wav	4
audio2019/shopping_mall-lyon-1196-45674-a.wav	7
audio2019/public_square-milan-1168-45675-a.wav	6
audio2019/tram-lyon-1216-45676-a.wav	9
audio2019/tram-lyon-1216-45677-a.wav	9
audio2019/street_pedestrian-milan-1165-45678-a.wav	1
audio2019/airport-prague-1173-45679-a.wav	0
audio2019/shopping_mall-lisbon-1176-45680-a.wav	7
audio2019/tram-lisbon-1200-45681-a.wav	9
audio2019/street_pedestrian-prague-1203-45682-a.wav	1
audio2019/street_pedestrian-lisbon-1174-45683-a.wav	1
audio2019/metro-lisbon-1199-45684-a.wav	2
audio2019/tram-milan-1182-45685-a.wav	9
audio2019/metro_station-lyon-1167-45686-a.wav	5
audio2019/public_square-milan-1168-45687-a.wav	6
audio2019/street_pedestrian-lisbon-1174-45688-a.wav	1
audio2019/bus-lisbon-1223-45689-a.wav	8
audio2019/tram-prague-1189-45690-a.wav	9
audio2019/street_pedestrian-lyon-1162-45691-a.wav	1
audio2019/airport-lisbon-1175-45692-a.wav	0
audio2019/shopping_mall-lyon-1196-45693-a.wav	7
audio2019/street_traffic-lisbon-1171-45694-a.wav	4
audio2019/bus-prague-1215-45695-a.wav	8
audio2019/street_traffic-lyon-1220-45696-a.wav	4
audio2019/tram-lisbon-1200-45697-a.wav	9
audio2019/metro_station-lyon-1179-45698-a.wav	5
audio2019/street_traffic-lyon-1220-45699-a.wav	4
audio2019/public_square-prague-1214-45700-a.wav	6
audio2019/street_pedestrian-lyon-1162-45701-a.wav	1
audio2019/street_traffic-lisbon-1171-45702-a.wav	4
audio2019/street_pedestrian-lisbon-1174-45703-a.wav	1
audio2019/airport-prague-1195-45704-a.wav	0
audio2019/park-milan-1164-45705-a.wav	3
audio2019/metro_station-lyon-1167-45706-a.wav	5
audio2019/airport-lisbon-1175-45707-a.wav	0
audio2019/tram-milan-1222-45708-a.wav	9
audio2019/metro_station-lyon-1179-45709-a.wav	5
audio2019/airport-milan-1172-45710-a.wav	0
audio2019/metro-prague-1213-45711-a.wav	2
audio2019/park-milan-1164-45712-a.wav	3
audio2019/street_pedestrian-prague-1227-45713-a.wav	1
audio2019/street_traffic-prague-1193-45714-a.wav	4
audio2019/bus-lisbon-1212-45715-a.wav	8
audio2019/public_square-milan-1168-45716-a.wav	6
audio2019/public_square-lisbon-1211-45717-a.wav	6
audio2019/metro-lyon-1206-45718-a.wav	2
audio2019/metro-lyon-1181-45719-a.wav	2
audio2019/tram-lisbon-1200-45720-a.wav	9
audio2019/metro_station-prague-1170-45721-a.wav	5
audio2019/airport-prague-1173-45722-a.wav	0
audio2019/street_pedestrian-prague-1203-45723-a.wav	1
audio2019/park-prague-1185-45724-a.wav	3
audio2019/metro-lyon-1201-45725-a.wav	2
audio2019/street_pedestrian-prague-1203-45726-a.wav	1
audio2019/metro_station-lyon-1179-45727-a.wav	5
audio2019/street_traffic-prague-1193-45728-a.wav	4
audio2019/public_square-prague-1214-45729-a.wav	6
audio2019/shopping_mall-lyon-1196-45730-a.wav	7
audio2019/shopping_mall-prague-1219-45731-a.wav	7
audio2019/airport-lisbon-1175-45732-a.wav	0
audio2019/tram-prague-1189-45733-a.wav	9
audio2019/street_pedestrian-lisbon-1174-45734-a.wav	1
audio2019/metro-prague-1163-45735-a.wav	2
audio2019/park-lyon-1188-45736-a.wav	3
audio2019/public_square-lyon-1208-45737-a.wav	6
audio2019/airport-milan-1172-45738-a.wav	0
audio2019/street_pedestrian-lisbon-1174-45739-a.wav	1
audio2019/shopping_mall-lisbon-1176-45740-a.wav	7
audio2019/park-prague-1185-45741-a.wav	3
audio2019/airport-prague-1173-45742-a.wav	0
audio2019/metro_station-prague-1170-45743-a.wav	5
audio2019/shopping_mall-prague-1219-45744-a.wav	7
audio2019/street_pedestrian-lyon-1162-45745-a.wav	1
audio2019/bus-prague-1215-45746-a.wav	8
audio2019/bus-prague-1194-45747-a.wav	8
audio2019/public_square-prague-1192-45748-a.wav	6
audio2019/airport-prague-1195-45749-a.wav	0
audio2019/street_pedestrian-lyon-1162-45750-a.wav	1
audio2019/metro_station-lyon-1167-45751-a.wav	5
audio2019/airport-prague-1195-45752-a.wav	0
audio2019/bus-milan-1180-45753-a.wav	8
audio2019/airport-prague-1195-45754-a.wav	0
audio2019/tram-milan-1222-45755-a.wav	9
audio2019/bus-lisbon-1226-45756-a.wav	8
audio2019/street_pedestrian-prague-1227-45757-a.wav	1
audio2019/park-lyon-1188-45758-a.wav	3
audio2019/metro_station-lisbon-1221-45759-a.wav	5